Marca.temporal,Nome.da.praia..Concello,Tipo.de.actualización.que.nos.queres.facer.chegar,Está.avisado.o.112.,Xeolocalización,Por.onde.están.espallados.os.pellets,Quen.está.recollendo.os.pellets.,Como.estase.a.recoller.os.pellets.,Onde.se.depositan.os.pellets.,Hai.sacos.de.pellets.,Cantidade.de.pellets,Concello,Imaxe.dos.pellets.no.lugar.ou.da.xornada.de.limpeza,Data,Hora,Lugar.de.encontro,Quen.organiza.a.iniciativa,Contacto,Ligazón,Cartaz,Atopaches.animáis.mortos.,Información.adicional,lat,lon
2024-01-09T09:28:09Z,Samil vigo,Convocatoria de xornada de limpeza,NA,NA,NA,NA,NA,NA,NA,NA,NA,NA,2024-01-10T00:00:00Z,15,,Pelo morado chaqueta verde oliva,NA,NA,NA,NA,NA,42.21227,-8.77411
2024-01-09T18:35:46Z,"A Madorra, Nigrán",Convocatoria de xornada de limpeza,NA,NA,NA,NA,NA,NA,NA,NA,NA,NA,2024-01-10T00:00:00Z,16,,Voluntariado de Val Miñor,https://chat.whatsapp.com/DxMlgmgoDC0E3cZAcRGc5A?fbclid=IwAR3vyDFVYHQg6XTm2CN9OHkJzXm3UWIy9PBpCJoe9JhuBGHroZIrD5-GHps,https://chat.whatsapp.com/DxMlgmgoDC0E3cZAcRGc5A?fbclid=IwAR3vyDFVYHQg6XTm2CN9OHkJzXm3UWIy9PBpCJoe9JhuBGHroZIrD5-GHps,https://drive.google.com/open?id=1Hcg_tRrjyCtixny_hnP8ATjWt-_8UVQJ,NA,NA,42.1463227,-8.8254752
2024-01-09T19:06:18Z,Ancoradoiro,Convocatoria de xornada de limpeza,NA,NA,NA,NA,NA,NA,NA,NA,NA,NA,2024-01-10T00:00:00Z,15,,PlasticFREEwave,Natalia,NA,NA,NA,Más información en nuestro instagram: @plasticfreewave_ong,42.7569302,-9.1114064
2024-01-09T21:43:08Z,"Madorra, Nigrán",Convocatoria de xornada de limpeza,NA,NA,NA,NA,NA,NA,NA,NA,NA,NA,2024-01-10T00:00:00Z,16,,Grupo whatsApp PO. Val do Miño,Pola Comunidade de WhatsApp,NA,https://drive.google.com/open?id=1SCZ8ORIfLYtsi5d4_Y89_gV9Id_g1fk6,NA,Temos indicacións do concelleiro de Nigrán de deixar os pellets nunha rambla para a súa posterior recollida.,42.1458428,-8.826154882889412
2024-01-07T14:22:31Z,"Doniños, Ferrol",Hai pellets na praia,Si,Doniños outeiro,NA,"Voluntarios, Amigos voluntarios minimo hay 15",NA,NA,NA,NA,Ferrol,https://drive.google.com/open?id=1uqYF7KoGNClAdbTUGeEWtdq_3Udll4lO,NA,NA,,NA,NA,NA,NA,NA,No hay muchos pelets pero si hay mucha mierda y muchos plásticos. Cosa que el ayuntamiento tendría que ser el encargado en mantener esto limpio. No hay basura amarilla para depositar los residuos,43.4896673,-8.2976864
2024-01-07T16:47:53Z,Narón,Hai pellets na praia,Non,Narón,NA,Non hai ninguén,NA,NA,NA,NA,Narón,NA,NA,NA,,NA,NA,NA,NA,NA,NA,43.5010981,-8.1923091
2024-01-07T17:07:17Z,"A Madalena , Cabanas",Non hai pellets na praia,Non,https://maps.app.goo.gl/6oWvMcHqFoZvRpdT6,NA,Non hai ninguén,NA,NA,NA,NA,Cabanas,NA,NA,NA,,NA,NA,NA,NA,NA,NA,43.4191792,-8.1700295
2024-01-07T17:08:03Z,"Chanteiro, Ares",Non hai pellets na praia,Non,https://maps.app.goo.gl/WSUdsTeiBRLuWvcx5,NA,Non hai ninguén,NA,NA,NA,NA,Ares,NA,NA,NA,,NA,NA,NA,NA,NA,NA,43.4432756,-8.2886084
2024-01-07T17:46:44Z,"Canido, Vigo",Hai pellets na praia,Si,NA,NA,Voluntarios,Con luvas e pinzas entre as algas,NA,NA,NA,Vigo,https://drive.google.com/open?id=1RfC5uDViNf15Yihb-aWN9Hj85Y0Oo9o7,NA,NA,,NA,NA,NA,NA,NA,NA,42.1386753,-8.8123549
2024-01-07T17:56:47Z,"Aguieira, Porto do Son",Hai pellets na praia,Non,NA,NA,Voluntarios,Con capacho con agua e coador,NA,NA,NA,Porto do Son,"https://drive.google.com/open?id=1s7-QQIi1ModrwFGYkSy6sMxbVIBw1c9F, https://drive.google.com/open?id=1im0xrzYCEJ4QreZSd0EghcZnE6S2P70S",NA,NA,,NA,NA,NA,NA,NA,"Están moi dispersos, encontranse sobre todo na linea das algas",42.7363584,-8.9772967
2024-01-07T18:06:19Z,"Praia de Ameixenda, Cee",Hai pellets na praia,Si,"https://www.google.com/maps/place/Praia+de+Ameixenda/@42.9308634,-9.1705578,17z/data=!3m1!4b1!4m6!3m5!1s0xd2ed376a9d94aab:0xb361b66b438eea04!8m2!3d42.9308634!4d-9.1705578!16s%2Fg%2F11h4g715w_?hl=es-ES&entry=ttu",NA,Voluntarios,NA,NA,NA,NA,Cee,https://drive.google.com/open?id=14OtKlIyEJDqi6aXQELhuUzH08tL_U0VS,NA,NA,,NA,NA,NA,NA,NA,NA,42.9308634,-9.1705578
2024-01-07T18:12:39Z,"Doniños, Ferrol",Hai pellets na praia,Si,"43,5014521, -8,3185873",NA,Voluntarios,"A man, botándoos nun colador e remollando en auga para limpaar a area",NA,NA,NA,Ferrol,https://drive.google.com/open?id=1PkhMv1C04s7nOHmb-tDvuUI2onqzYsyY,NA,NA,,NA,NA,NA,NA,NA,Avisamos polo grupo que tamén hai pellets en Penencia,43,5014521
2024-01-07T18:28:37Z,"Praia de Prado, Nigrán",Hai pellets na praia,Non,NA,NA,Voluntarios,NA,NA,NA,NA,Nigrán,https://drive.google.com/open?id=1scGKWkb-8x-Dt9baPlfWz1NRa_Pa6JTq,NA,NA,,NA,NA,NA,NA,NA,NA,-17.15951385,-39.21196615055807
2024-01-07T18:38:49Z,"Lanzad, O Grove",Non hai pellets na praia,Non,NA,NA,Hai voluntarios recollendo lixo,Con coladores e luvas,NA,NA,NA,O Grove,https://drive.google.com/open?id=1n5PvUC35V3yWSnqDJ8H_rvjiNrOFVNwy,NA,NA,,NA,NA,NA,NA,NA,"Non vimos pellets a día 7 de xaneiro na Lanzada, pero había varios animais mortos (non sabemos se a causa dos pellets)",42.4693872,-8.8949654
2024-01-07T18:38:52Z,"Praia de Queiruga, Porto do Son",Hai pellets na praia,Non,https://maps.app.goo.gl/HTceLRApyCyzQ43r5,NA,"Non hai ninguén, Voluntarios",A man,NA,NA,NA,Porto do Son,https://drive.google.com/open?id=18RCWBFJFT8kE3uJl3BIPOnefFwIRjQpr,NA,NA,,NA,NA,NA,NA,NA,NA,43,NA
2024-01-07T18:43:03Z,"Praia de Cabeiro, Porto do Son",Hai pellets na praia,Non,"42.735080571968076, -8.992122445898211",NA,Voluntarios,"Empezaremos mañá cos métodos divulgados nas redes: cepillo e recolledor, capachos con auga e coadores para separar os pellets",NA,NA,NA,Porto do Son,NA,NA,NA,,NA,NA,NA,NA,NA,NA,42.735080571968076,-8.992122445898211
2024-01-07T18:43:31Z,Cabanas,Non hai pellets na praia,Non,NA,NA,Non hai ninguén,NA,NA,NA,NA,Muros,NA,NA,NA,,NA,NA,NA,NA,NA,NA,44.1855114,2.3050878
2024-01-07T18:44:45Z,"Rons, o Grove",Xa non hai (a praia quedaba limpa cando se cubriu o formulario),Si,"42,499047n 8,873673w",NA,Voluntarios,Peneirando,NA,NA,NA,o Grove,NA,NA,NA,,NA,NA,NA,NA,NA,NA,42,499047
2024-01-07T18:45:18Z,Esteiro,Hai pellets na praia,Si,"42.789797,-8.971501",NA,Voluntarios,"Como podemos. Con guantes, coladores e capachos",NA,NA,NA,Ribadeo,NA,NA,NA,,NA,NA,NA,NA,NA,Hai 2 gaivotas mortas. Avisamos ao 112. Tamén preguntamos onde tiñamos que tirar os pellets e demais plásticos recollidos e dixéronnos que non tiñan ningunha orde ao respecto.,42.789797,-8.971501
2024-01-07T18:45:30Z,"Langaño, Porto do Son",Hai pellets na praia,Si,"42.747600,-8.955800",NA,Voluntarios,con peneiras e tinas,NA,NA,NA,Porto Son,NA,NA,NA,,NA,NA,NA,NA,NA,"día 6-01-2024 as 17h, pellets dispersos, máis acumulados xunta a liña da marea. Non había moitos. Tampouco había colector á vista.",42.7476,-8.9558
2024-01-07T18:46:52Z,"Praia de Orzán, A Coruña",Hai pellets na praia,Si,NA,NA,Non hai ninguén,Collimos á man e deitámolo nunha bolsa no contedor amarelo,NA,NA,NA,A Coruña,NA,NA,NA,,NA,NA,NA,NA,NA,NA,43.3691443,-8.409104117998059
2024-01-07T18:47:02Z,As Pipas. O grove,Xa non hai (a praia quedaba limpa cando se cubriu o formulario),Si,NA,NA,Voluntarios,"Barrendo, cribando e logo flotando",NA,NA,NA,O Grove,NA,NA,NA,,NA,NA,NA,NA,NA,NA,NA,NA
2024-01-07T18:47:13Z,"Praia de Nerga, Cangas del Morrazo",Hai pellets na praia,Non,NA,NA,"Voluntarios, Non sei quen son","Con luvas, Coladores e un cubo  agua.",NA,NA,NA,Cangas do Morrazo,https://drive.google.com/open?id=1yOnBPnFmlqgod09VTr2qyJ9TUspDJlV2,NA,NA,,NA,NA,NA,NA,NA,No sabemos si se aviso al 112.Otra persona de los voluntarios se encargo de recoger todos os pellets.,42.257441549999996,-8.836407757924835
2024-01-07T18:47:38Z,"Area Grande, O Grove",Xa non hai (a praia quedaba limpa cando se cubriu o formulario),Non,NA,NA,Voluntarios,Método de flotación,NA,NA,NA,O Grove,NA,NA,NA,,NA,NA,NA,NA,NA,Retiramos aproximadamente 3 kg,41.91007745,-8.8764567641016
2024-01-07T18:48:11Z,"Praia de As Lapas, A Coruña",Hai pellets na praia,Si,"43°23′01″N 8°24′21″O﻿ / ﻿43.383636111111, -8.4058638888889",NA,Voluntarios,Coas mans e con capachos,NA,NA,NA,A Coruña,"https://drive.google.com/open?id=1XiLNUklKlw23e8Sx3UvGWlJTqcUIrq2v, https://drive.google.com/open?id=1KYTYjPfOur62rdvxx2jqgpy2C1fXmlkD",NA,NA,,NA,NA,NA,NA,NA,NA,43,23
2024-01-07T18:49:51Z,"Praia San roque, A Coruña",Non hai pellets na praia,Non,NA,NA,NA,NA,NA,NA,NA,A Coruña,NA,NA,NA,,NA,NA,NA,NA,NA,NA,43.37400975,-8.419621552682369
2024-01-07T18:50:26Z,"Praia de Nerga, Cangas del Morrazo",Hai pellets na praia,Non,NA,NA,Voluntarios,Cubo con agua y colador,NA,NA,NA,Cangas do Morrazo,"https://drive.google.com/open?id=11042eX9rs_oR84GUl7J-0TCVLoBeNaHG, https://drive.google.com/open?id=1AUcSAQu3H9J0KdP6Vh1d9eI9AZTIlb98",NA,NA,,NA,NA,NA,NA,NA,NA,42.257441549999996,-8.836407757924835
2024-01-07T18:50:42Z,"traba , laxe",Hai pellets na praia,Si,NA,NA,"Voluntarios, protecion civil",a man e con coladores,NA,NA,NA,Laxe,https://drive.google.com/open?id=12q8cGI3wgieEodAjteAL6IVsETd2ABDh,NA,NA,,NA,NA,NA,NA,NA,NA,43.1806055,-9.046819862160781
2024-01-07T18:50:42Z,"Castro de Baroña, Porto do Son",Hai pellets na praia,Non,NA,NA,Voluntarios,NA,NA,NA,NA,Porto do Son,https://drive.google.com/open?id=1QY1y6CMkt5VtmJOkBmjc0vJ4DypMiipG,NA,NA,,NA,NA,NA,NA,NA,NA,42.6947374,-9.0320783
2024-01-07T18:51:59Z,Punta penencia lume boo,Hai pellets na praia,Non,NA,NA,Voluntarios,"Con coladores de cocina, recogiendo todo el plástico en bolsas de basura y depositandolas en los contenedores.",NA,NA,NA,Ferrol,NA,NA,NA,,NA,NA,NA,NA,NA,NA,NA,NA
2024-01-07T18:52:35Z,Caldebarcos,Hai pellets na praia,Non,https://maps.app.goo.gl/wRoEm7pYXoVf5mQR6,NA,Non hai ninguén,Á man os que vimos. Non estabamos preparados,NA,NA,NA,Carnota,"https://drive.google.com/open?id=1Fb8-DmGCNmfEKb9BajnSHuVqqMQ_7oFs, https://drive.google.com/open?id=1J3wmJjLSDVemvOZIsp37DltMmQslPo9g",NA,NA,,NA,NA,NA,NA,NA,"Están bastante dispersas e non se ven con facilidade. Atópanse sobre todo nas liñas que deixa a marea ao baixar, nas algas",42.8520929,-9.1214521
2024-01-07T18:57:45Z,"Praia de Nerga, Cangas del Morrazo",Hai pellets na praia,Non,https://maps.app.goo.gl/TpjdNnsDZ9ipDCkZ6?g_st=ic,NA,Voluntarios,Un a un,NA,NA,NA,Cangas do Morrazo,NA,NA,NA,,NA,NA,NA,NA,NA,Había poucos pero hai,42.257441549999996,-8.836407757924835
2024-01-07T19:04:37Z,Porto do son,Hai pellets na praia,Si,https://maps.app.goo.gl/YAKTDbddsivskC8E7,NA,"Non sei quen son, Personas voluntarias,a última hora","Filtrando los con un frutero y coladores de pasta y apartando los palos,algas y otros materiales biologicos",NA,NA,NA,Porto do Son,NA,NA,NA,,NA,NA,NA,NA,NA,Está muy llena de pellets al final del día quedaba menos obviamente porque había bastante gente pero era una barbaridad aquello cuando llegamos y las zonas que parecían limpias estaban perdidas igualmente,42.726023,-9.0049123
2024-01-07T19:07:49Z,Castiñeiras o grove,Hai pellets na praia,Non,"(42.4711884, -8.9358325)",NA,Voluntarios,Cas mans,NA,NA,NA,O Grove,NA,NA,NA,,NA,NA,NA,NA,NA,NA,42.4711884,-8.9358325
2024-01-07T19:12:37Z,"Praia de Queiruga, Porto do Son",Hai pellets na praia,Si,NA,NA,Voluntarios,Peneiras e cubos con auga. As plumas de aves axudan a recoller modo escoba,NA,NA,NA,Porto do Son,"https://drive.google.com/open?id=11H-YmEd1pRiAVoiyzHYfqkFcu-pvDq1F, https://drive.google.com/open?id=1VHii_lwVgi_Vsy9JCGqG_FqWH8TCqYrE",NA,NA,,NA,NA,NA,NA,NA,"Ninguen se facia cargo dos residuos cando chamamos. Proteccion Civil Porto do Son non atenderon aontelefono. Penso que as manchas negras é cousa simplemente chapapote de cando o Prestige, non dos Pellets",42.675955200000004,-9.030806376224664
2024-01-07T19:20:00Z,Miño,Non hai pellets na praia,Non,NA,NA,Non hai ninguén,NA,NA,NA,NA,Miño,NA,NA,NA,,NA,NA,NA,NA,NA,NA,43.3580564,-8.1811287
2024-01-07T19:28:52Z,"Mogor, Marín",Non hai pellets na praia,Non,"42,3850396, -8,7204566",NA,NA,NA,NA,NA,NA,Marín,NA,NA,NA,,NA,NA,NA,NA,NA,NA,42,3850396
2024-01-07T19:42:23Z,"Praia do Vilar, Ferrol",Hai pellets na praia,Si,NA,NA,Voluntarios,"Con una coladores, habia moita xente, pero é necesario acudir dias e dias",NA,NA,NA,Ferrol,https://drive.google.com/open?id=1fGoginDd4KB-3zfv1VrWFrDkuz2MWUgb,NA,NA,,NA,NA,NA,NA,NA,NA,43.54050155,-8.298416880846585
2024-01-07T19:53:48Z,Porto carrizo Valdoviño,Hai pellets na praia,Si,NA,NA,"Non hai ninguén, Yo",Usando bolsas,NA,NA,NA,Valdoviño,"https://drive.google.com/open?id=1MQGkkbTmbigHzpvh3v5x0o65FBTP7SVZ, https://drive.google.com/open?id=1R668QzdQy2Y5_EaXUsDUquBuw7nzGEVZ",NA,NA,,NA,NA,NA,NA,NA,NA,43.642950549999995,-8.108953485058889
2024-01-07T20:27:36Z,"Mera, Oleiros",Hai pellets na praia,Non,NA,NA,Voluntarios,"Guantes, peneiras, capachos",Non hai contedores específicos,NA,NA,Oleiros,NA,NA,NA,,NA,NA,NA,NA,NA,NA,43.3795013,-8.3375057
2024-01-07T21:07:21Z,"Praia do Vilar, Ribeira",Hai pellets na praia,Si,Praia do Vilar,NA,Voluntarios,"Colador de cocina, capachos con agua y guantes",Non hai contedores específicos,NA,NA,Ribeira,"https://drive.google.com/open?id=16gVZzTB9VPfo9pNNbFUj75DSA2MvCGP3, https://drive.google.com/open?id=1Id1HYPNKUj4ZjDRrhDb08uDJrXK_Y2N-, https://drive.google.com/open?id=1iZGJdWVnGGj62G5_jSuEOqx33-T3qm0P",NA,NA,,NA,NA,NA,NA,NA,"Los pellets estaban en diferentes puntos y dispersos, sobretodo se encontraban en la zona de cabeza de la marea. Además de Pellets encontramos y recogimos más basura. Las algas enredan mucho a los pellets. Por otro lado, decir que a la luz del sol y con la claridad son difíciles de ver bien, si proyectábamos sombra sobre la arena enseguida los localizábamos.
El utensilio que mejor nos funcionó fue el colador de cocina que adjunto en las fotos.",42.55224555,-9.03035779503325
2024-01-07T21:10:11Z,"Praia do Vilar, Ferrol",Hai pellets na praia,Si,https://g.co/kgs/9fvrY2Q,NA,Voluntarios,con colador de cocina y guantes,Non hai contedores específicos,NA,NA,Ferrol,NA,NA,NA,,NA,NA,NA,NA,NA,NA,43.54050155,-8.298416880846585
2024-01-07T21:13:20Z,"Doniños, Ferrol",Hai pellets na praia,Si,https://maps.app.goo.gl/SafoaAYwJdh4SKdT9,NA,NA,"Algúns a man, outroa peneirando",Nos poucos contenedores que hai no parking da praia,NA,NA,Ferrol,https://drive.google.com/open?id=10kGYFO7Q8UcUlroyYXi7SC2of90jRqfb,NA,NA,,NA,NA,NA,NA,NA,Moitos están misturados coas algas,43.4896673,-8.2976864
2024-01-07T21:14:54Z,"Espiñeiro, Cambados (O columpio de Cambados en Google Maps)",Non hai pellets na praia,Non,https://maps.app.goo.gl/6LpCNWwg84nnmYjp9?g_st=ic,NA,Fun comprobar o estado da zona,-,Non coñezo o método de recollida do concello,NA,NA,Cambados,NA,NA,NA,,NA,NA,NA,NA,NA,"Preocúpame a zona do “Serrido”, na seca que mariscan, porque é unha zona de lodos e non se vai ver a magnitud",84,NA
2024-01-07T21:17:52Z,"Cala de O Porto, Cobas Ferrol",Non hai pellets na praia,Non,NA,NA,NA,NA,Non hai contedores específicos,NA,NA,Ferrol,NA,NA,NA,,NA,NA,NA,NA,NA,NA,18.5572951,-72.291449600000007
2024-01-07T21:29:21Z,Aguete,Non hai pellets na praia,Non,"42,3757941, -8,7305357",NA,NA,NA,NA,NA,NA,Marín,NA,NA,NA,,NA,NA,NA,NA,NA,NA,42,3757941
2024-01-07T21:41:31Z,"Chanteiro, Ares",Hai pellets na praia,Si,"43,44566° N, 8,30260° O",NA,Os meus amigos e eu,Coladores,"Non hai contedores específicos, Os deixamos na saida da praia",NA,NA,Ares,NA,NA,NA,,NA,NA,NA,NA,NA,Atopamos dous sacos de pellets e un delfin morto,43,44566
2024-01-07T21:44:07Z,"Praia Samil, Vigo",Non hai pellets na praia,Non,Vigo playa tombo do gato y samil,NA,Voluntarios,NA,NA,NA,NA,Vigo,NA,NA,NA,,NA,NA,NA,NA,NA,Nos reunimos para juntar. Pero no había.,42.210533600000005,-8.77617730373661
2024-01-07T21:44:48Z,"Praia de Queiruga, Porto do Son",Hai pellets na praia,Non,Non teño coordenadas. Xa non estou na praia,NA,Voluntarios,Cun cepillo suavemente e un cribo,"Non hai contedores específicos, Viñeron recollelos cunha camioneta",NA,NA,Porto do Son,NA,NA,NA,,NA,NA,NA,NA,NA,NA,42.675955200000004,-9.030806376224664
2024-01-07T21:57:18Z,"Praia Valcovo, Arteixo",Hai pellets na praia,Non,https://maps.app.goo.gl/8pSp7epyPRNfAnLj8,NA,Voluntarios,Cun capacho con auga e escuerridores.,Non hai contedores específicos,NA,NA,Arteixo,NA,NA,NA,,NA,NA,NA,NA,NA,Había un golfiño morto.,43.31546305,-8.532884713880966
2024-01-07T21:59:49Z,"Area da Secada, Illa de Arousa",Non hai pellets na praia,Si,"42º 34' 4,062"" N 8º 53' 13,859"" W",NA,Voluntarios,coadores,Non hai contedores específicos,NA,NA,Illa de Arousa,NA,NA,NA,,NA,NA,NA,NA,NA,NA,42,NA
2024-01-07T22:05:38Z,"Meixilloeira, O Grove",Xa non hai (a praia quedaba limpa cando se cubriu o formulario),Si,En el Grove,NA,Voluntarios,"Con espumaderas, calderos de agua y palas","Los dejamos en la entrada de la playa en bolsas todas juntas, se quedaba otro grupo un rato más que dijo que llamaría luego al 112 para su recogida",NA,NA,O Grove,"https://drive.google.com/open?id=19rOGMSsXSc9U6_g31eVRvio-gwKcvlnZ, https://drive.google.com/open?id=1AdFmmD_nq4JBp6a7rUdfulluONwQvVUR",NA,NA,,NA,NA,NA,NA,NA,"En esta playa es muy difícil la recogida de pellets porque está llena de algas donde se enredan y hay muchísimas piedrecitas pequeñas del tamaño de los pellets, por lo que son muy difíciles de diferenciar. La hemos limpiado de lado a lado lo mejor que pudimos pero se nos habrán quedado muchos atrás.",42.4693872,-8.8949654
2024-01-07T22:08:43Z,"Mera, Oleiros",Hai pellets na praia,Si,https://maps.app.goo.gl/gbEHTLzLdFZUwubp8,NA,Voluntarios,Con luvas e coadores,"Non hai contedores específicos, Hai un punto marcado polas persoas voluntarias para deixar as bolsas con pellets",NA,NA,Oleiros,NA,NA,NA,,NA,NA,NA,NA,NA,NA,43.3795013,-8.3375057
2024-01-07T22:08:57Z,"Praia de Combouzas, Arteixo",Hai pellets na praia,Si,"43.312579,-8.543180",NA,Voluntarios,Tamizando con unos escurridores y un capacho con agua para separarlos de conchas y otros restos,"Non hai contedores específicos, Se dejan en bolsa de basura al lado de un saco entero junto al puesto de socorristas",NA,NA,Arteixo,"https://drive.google.com/open?id=1BfKeo-Je-L7NPUbpPrqYPxjtEmIG633C, https://drive.google.com/open?id=1D3fXPz397W5FqEv-Yv2yeePTFoeZAGSO",NA,NA,,NA,NA,NA,NA,NA,Aprovechamos mi mujer y yo para hacer recogida también de una bolsa entera de plásticos y basura variada,43.312579,-8.54318
2024-01-07T22:10:55Z,"A Concha, Ortigueira",Hai pellets na praia,Si,"43.717959,-7.809434",NA,Xente do BNG e pasou protección civil,Lucas e bolsas,Non hai contedores específicos,NA,NA,Ortigueira,NA,NA,NA,,NA,NA,NA,NA,NA,NA,43.717959,-7.809434
2024-01-07T22:16:23Z,Playa de perbes,Xa non hai (a praia quedaba limpa cando se cubriu o formulario),Si,"43.375637,-8.215543",NA,Voluntarios,Cubetas palas e colasdores,Non hai contedores específicos,NA,NA,Miño,NA,NA,NA,,NA,NA,NA,NA,NA,NA,43.375637,-8.215543
2024-01-07T22:20:13Z,"Praia da Madorra, Nigrán",Hai pellets na praia,Si,"36340 @42.145768,-8.825767",NA,Voluntarios,Coas mans un a un nunhas zonas e con capacho e coladores noutras,"Non hai contedores específicos, Avisamos ao 112, dixeron que chamáramos á policía local, ao final deixamos os que recollimos nós a unha xente que ía quedar alí ata máis tarde para deixar todos os residuos xuntos",NA,NA,Nigrán,"https://drive.google.com/open?id=1iKUeLk9V_Lxe_PKMDl1M_kiqYer0qxck, https://drive.google.com/open?id=1EQ8LT243NosRtBDXQUZtPpCH2_RD6a4h",NA,NA,,NA,NA,NA,NA,NA,"Os pellets estaban moi dispersos pero por toda a area, moitos enterrados xa que nesa praia o mar sube ata arriba e toda a area estaba mollada polo que quedaban ""incrustados"" nela ou máis acumulados onde había montículos de paos e algas, moi difícil recollelos, o 112 desentendeuse do tema da recollida",36340,NA
2024-01-07T22:30:08Z,Praia de Campelo Concello de  Valdoviño,Hai pellets na praia,Non,"Coordenadas:  43°34'59.03""N   8°12'51.63""W",NA,Voluntarios,a recollida e manual con peneira e cernidores,O Concello puso contedores específicos,NA,NA,Valdoviño,NA,NA,NA,,NA,NA,NA,NA,NA,NA,NA,43
2024-01-07T22:33:03Z,"Praia da Madorra, Nigrán",Hai pellets na praia,Non,https://maps.app.goo.gl/QU87nhPDhW4cdQ5M9,NA,Voluntarios,"Coadores, luvas, tinas",Ainda sen depositar,NA,NA,Nigrán,NA,NA,NA,,NA,NA,NA,NA,NA,Pellets dispersos e misturados con algas e outros restos. Difícil de separar. 8 persoas domingo 7 pola tarde recolleron menos de un kg de pellets. Pouca superficie limpiada ao norte da Praia. Queda moito por limpar,87,NA
2024-01-07T22:49:39Z,"Meixilloeira, O Grove",Hai pellets na praia,Si,https://maps.app.goo.gl/RQifdVRhFMuCKRbr8?g_st=ic,NA,Voluntarios,"Coadores, escobas, peneiras, filtrado de auga",Protección civil ven a recollelos,NA,NA,O Grove,"https://drive.google.com/open?id=1qwvCI5JSXgnuTmq72xaeKSMrZ065p6uD, https://drive.google.com/open?id=1AELqU2VcLxBt05m_ERi5iLVkmdW4UltS",NA,NA,,NA,NA,NA,NA,NA,NA,42.4693872,-8.8949654
2024-01-07T22:52:28Z,"Area Grande, O Grove",Xa non hai (a praia quedaba limpa cando se cubriu o formulario),Si,"42°28'37.8""N 8°55'15.3""W",NA,Voluntarios,"Coadores, escobas, filtrados",Protección civil ven buscalos,NA,NA,O Grove,https://drive.google.com/open?id=1ttTR-1skBhxO-_ah8we9VUZfwm4Eomn1,NA,NA,,NA,NA,NA,NA,NA,NA,42,28
2024-01-07T23:16:52Z,"Praia de Tuia, Bueu",Hai pellets na praia,Si,"42.337820, -8.813146",NA,Voluntarios,"Coador e auga, separando as algas dos pellets",Non hai contedores específicos,NA,NA,Bueu,NA,NA,NA,,NA,NA,NA,NA,NA,NA,42.33782,-8.813146
2024-01-07T23:19:30Z,"Praia de Queiruga, Porto do Son",Hai pellets na praia,Si,"42º 40' 34.2"" N - 9º 01' 50.8"" W",NA,Voluntarios,"Coladores, peneiras, vasoiras e recolledores…",Non hai contedores específicos,NA,NA,Porto do Son,https://drive.google.com/open?id=1VuKtE2VzPmdMvEiLtdZW45HxXM2MhSdj,NA,NA,,NA,NA,NA,NA,NA,Dous arroaces mortos. A cantidade de pellets na plaia é inmesa.,42,NA
2024-01-07T23:24:50Z,"Praia de Nerga, Cangas del Morrazo",Hai pellets na praia,Si,"42.258689,-8.837063",NA,Voluntarios,Coa nos medios,Non hai contedores específicos,NA,NA,Cangas do Morrazo,NA,NA,NA,,NA,NA,NA,NA,NA,NA,42.258689,-8.837063
2024-01-08T00:10:46Z,"Rebordelo, Cabana de Bergantiños",Hai pellets na praia,Non,"43.224860,-8.966555",NA,"Xente da zona, pero moi moi escasa.",Con cribas,"Non hai contedores específicos, No contedor amarelo, dentro de bolsas de plástico.",NA,NA,Cabana de Bergantiños,"https://drive.google.com/open?id=1OHWr4Mv4Gnn5NK56-C852CiLyOG3jm21, https://drive.google.com/open?id=1Ut5E9nwVhqQM209L25Fxsys6cVem0Hem, https://drive.google.com/open?id=1Ih7qqKdSxAyJx8Q2cm2pA7zTEok11hZ2",NA,NA,,NA,NA,NA,NA,NA,NA,43.22486,-8.966555
2024-01-08T00:33:49Z,Combarro,Non hai pellets na praia,Non,Combarro,NA,NA,NA,NA,NA,NA,Combarro,NA,NA,NA,,NA,NA,NA,NA,NA,NA,42.4317048,-8.7051951
2024-01-08T00:34:44Z,"Samieira, Poio",Non hai pellets na praia,Non,"Samieira, Poio",NA,NA,NA,NA,NA,NA,Poio,NA,NA,NA,,NA,NA,NA,NA,NA,NA,42.42725,-8.7401726
2024-01-08T00:56:32Z,"Praia As Furnas, Porto do Son",Hai pellets na praia,Non,https://maps.app.goo.gl/cUfD1441KuDGewzk6,NA,"Voluntarios, Non sei quen son",Recollidas descoordinadas,NA,NA,NA,Porto do Son,NA,NA,NA,,NA,NA,NA,NA,NA,NA,1441,NA
2024-01-08T01:00:19Z,"Praia de Seráns (San Pedro de Muro, Porto do Son)",Hai pellets na praia,Non,https://maps.app.goo.gl/wSGHheLfg4QBtERH8,NA,"Voluntarios, Non sei quen son",Recollidas descoordinadas,NA,NA,NA,Porto do Son,NA,NA,NA,,NA,NA,NA,NA,NA,NA,42.60267995,-9.062065187863166
2024-01-08T01:03:19Z,"Areas Longas, Porto do Son",Hai pellets na praia,Non,https://maps.app.goo.gl/LNZqN7eJqkAxQhKz6,NA,"Voluntarios, Non sei quen son",Recollidas descoordinadas,NA,NA,NA,Porto do Son,NA,NA,NA,,NA,NA,NA,NA,NA,NA,42.63314595,-9.042263490242828
2024-01-08T01:58:22Z,Praia América Nigrán,Non hai pellets na praia,NA,NA,NA,NA,NA,NA,NA,NA,Nigrán,NA,NA,NA,,NA,NA,NA,NA,NA,"Día 8 de xaneiro a tarde até a posta so sol, revisado coa marea baixa, moito lixo mais non atopamos pellets",42.13494475,-8.817768953240787
2024-01-08T10:47:13Z,Praia do vilar,Hai pellets na praia,Si,https://maps.app.goo.gl/cPjT6fx9B2pfBHp58?g_st=ic,NA,Voluntarios,"Coladores, decantación",Non hai contedores específicos,NA,NA,Corrubedo,NA,NA,NA,,NA,NA,NA,NA,NA,NA,58,NA
2024-01-08T10:47:13Z,"Praia do vilar, Corrubedo",Hai pellets na praia,Si,https://maps.app.goo.gl/cPjT6fx9B2pfBHp58?g_st=ic,NA,Voluntarios,"Coladores, decantación",Non hai contedores específicos,NA,NA,Corrubedo,NA,NA,NA,,NA,NA,NA,NA,NA,NA,58,NA
2024-01-08T10:57:34Z,"Rodeira, Cangas do Morrazo",Non hai pellets na praia,NA,NA,NA,NA,NA,NA,NA,NA,Cangas do Morrazo,NA,NA,NA,,NA,NA,NA,NA,NA,NA,42.26135225,-8.76953809647993
2024-01-08T11:14:00Z,"Areas Longas, Porto do Son",Hai pellets na praia,Non,"https://www.google.com/maps/place/Praia+da+Lagoa/@42.6304743,-9.0450725,17z/data=!4m13!1m7!3m6!1s0xd2f3050ca159383:0xb10522ac34781375!2sPraia+de+Areas+Longas!8m2!3d42.6302362!4d-9.0443251!16s%2Fg%2F11zlrkgmm!3m4!1s0xd2f305af6289d2d:0x9b7955e233cc2223!8m2!3d42.6305621!4d-9.0441949?entry=ttu",NA,Voluntarios,con la tecnica de flotacion,Non hai contedores específicos,NA,NA,Porto do Son,NA,NA,NA,,NA,NA,NA,NA,NA,NA,42.6304743,-9.0450725
2024-01-08T11:14:45Z,"Area basta, Ribeira",Hai pellets na praia,Non,"42.523119,-9.042069",NA,Voluntarios,"con cepillo e recolledor, e botandoos na agua e peneirando con coladores",O Concello puso contedores específicos,NA,NA,Ribeira,"https://drive.google.com/open?id=1mNFukS1b-wNJT62FmA1BOPz3DOR8rRUZ, https://drive.google.com/open?id=1JTWEsE983DMfxQ9NhP6-sBJ-wSDl5SgH, https://drive.google.com/open?id=1VXjwyOghYkxqw55gO2pEndiOYn_x5NzF, https://drive.google.com/open?id=1HtzaqqTrwy5CCd3M32bsWv1ZVJUFR3MO",NA,NA,,NA,NA,NA,NA,NA,"Fomos onte duas persoas, pero ainda quedaba mais por recoller",42.523119,-9.042069
2024-01-08T11:16:39Z,"Razo, Carballo",Hai pellets na praia,Non,https://maps.app.goo.gl/yNeG3V37RPCiTXvA8,NA,Grupo creado. En proceso de activación.,NA,Non hai contedores específicos,NA,NA,Carballo,NA,NA,NA,,NA,NA,NA,NA,NA,NA,37,NA
2024-01-08T11:49:50Z,"Praia do rostro, CEE",Hai pellets na praia,Non,https://maps.app.goo.gl/Ssp4saMMAovaeRmR7,NA,Voluntarios,Cómo se pode,Non hai contedores específicos,NA,NA,Finisterre cee,NA,NA,NA,,NA,NA,NA,NA,NA,"Un arroaz morro Polo menos, chapapote, seguramente hay toneladas de pellets",42.9795059,-9.1979314
2024-01-08T11:53:25Z,"Praia As Furnas, Porto do Son",Hai pellets na praia,Non,https://maps.app.goo.gl/1zFFpcW6pGFT85Nw5,NA,Voluntarios,"Con colador, pala ou mans e capacho con auga",Non hai contedores específicos,NA,NA,Porto do Son,NA,NA,NA,,NA,NA,NA,NA,NA,NA,85,NA
2024-01-08T11:57:38Z,"Coroso, Ribeira",Hai pellets na praia,Non,Diante de restaurante do camping,NA,Non hai ninguén,"Estas entre as algas, e hai poucas, e dificil",Non hai contedores específicos,NA,NA,Ribeira,NA,NA,NA,,NA,NA,NA,NA,NA,NA,42.5718185,-8.9714743
2024-01-08T12:12:30Z,Praia Ladeira,Hai pellets na praia,Non,https://maps.app.goo.gl/rbLhVo7s6htrT3oR8?g_st=ic,NA,Voluntarios,"A mano, con coladores y mediante decantación (con coladores de menos diámetro) con tina de goma",En bolsas de plástico dentro de una nasa decorativa (y utilitaria) para tirar “Plásticos”,NA,NA,Ribeira,NA,NA,NA,,NA,NA,NA,NA,NA,NA,7,6
2024-01-08T12:40:37Z,"PRAIA DAS SALSEIRAS, CAION N, A laracha",Hai pellets na praia,Si,"43º 18' 56.3"" N - 8º 36' 37.1"" W",NA,"Voluntarios, Non sei quen son","Agora mesmo non estou recollendo, viñemos a praia pasear cos cans",Non o sei,NA,NA,A laracha,NA,NA,NA,,NA,NA,NA,NA,NA,Hai pelets incluso nas calas pequeniñas,43,NA
2024-01-08T12:55:45Z,"Barrañán, Arteixo",Hai pellets na praia,Si,NA,NA,Fun eu soa onte,NA,Non hai contedores específicos,NA,NA,Arteixo,NA,NA,NA,,NA,NA,NA,NA,NA,NA,43.303615,-8.5423431
2024-01-08T13:15:41Z,"Mañóns, Boiro",Non hai pellets na praia,NA,NA,NA,NA,NA,NA,NA,NA,Boiro,NA,NA,NA,,NA,NA,NA,NA,NA,NA,42.6314742,-8.8532281
2024-01-08T13:16:01Z,"Barraña, Boiro.",Non hai pellets na praia,NA,NA,NA,NA,NA,NA,NA,NA,Boiro,NA,NA,NA,,NA,NA,NA,NA,NA,NA,42.63874905,-8.879418124295725
2024-01-08T13:19:18Z,"Praia Samil, Vigo",Non hai pellets na praia,NA,NA,NA,NA,NA,NA,NA,NA,Vigo,NA,NA,NA,,NA,NA,NA,NA,Non,NA,42.210533600000005,-8.77617730373661
2024-01-08T13:25:30Z,"Praia de Caión, Laracha",Hai pellets na praia,Non teño certeza,https://maps.app.goo.gl/MvCzakkLyX1mUCmJ6?g_st=ic,NA,Voluntarios,NA,NA,NA,NA,A Laracha,https://drive.google.com/open?id=1MinSCC4ZFN9eNfoqWO8lQ-beEXGOlVZF,NA,NA,,NA,NA,NA,NA,Non,NA,43.3163976,-8.609123884522472
2024-01-08T13:44:56Z,"Playa de Esteiro, O Barqueiro, Mañon",Hai pellets na praia,Non,N 43 44 53 W 7 43 27,NA,"Non hai ninguén, Dous de gardacostas da Xunta","Según vin en Instagram, guantes, colador.",Non hai contedores específicos,NA,NA,Mañon.,"https://drive.google.com/open?id=114GPTOAEhiNmIOjJfNNsIRzxkKOD7fZ3, https://drive.google.com/open?id=1_T4WryNRe3QzGUWXBFOyTaXz4lxUPGP2",NA,NA,,NA,NA,NA,NA,Non,NA,NA,43
2024-01-08T14:22:41Z,"Calzoa, Vigo",Non hai pellets na praia,NA,NA,NA,NA,NA,NA,NA,NA,Vigo,NA,NA,NA,,NA,NA,NA,NA,Non,NA,42.20315635,-8.781652663761342
2024-01-08T14:24:48Z,"Meixilloeira, O Grove",Hai pellets na praia,Si,https://maps.app.goo.gl/Ld8ZK7VmPbh6Wam58,NA,Voluntarios,"Recoller a parte superficial da area e pasar por dous cribados, primeiro nunha peneira para separar as algas, e logo en auga cun colador tipo de freidora volver a separar algas de residuos",Non hai contedores específicos,NA,NA,O grove,NA,NA,NA,,NA,NA,NA,NA,Non,NA,58,NA
2024-01-08T14:25:32Z,"Area Grande, O Grove",Hai pellets na praia,Non teño certeza,NA,NA,Voluntarios,"Con escobas, separando por tamizado e por flotación",Protección Civil puso contedores específicos,NA,NA,O Grove,NA,NA,NA,,NA,NA,NA,NA,Non,NA,41.91007745,-8.8764567641016
2024-01-08T14:27:25Z,"A Barcela, O Grove",Hai pellets na praia,Non teño certeza,NA,NA,Voluntarios,Con escobas separando por tamizado e flotación,Protección Civil puso contedores específicos,NA,NA,O Grove,NA,NA,NA,,NA,NA,NA,NA,Non,NA,42.4770174,-8.925476
2024-01-08T14:52:22Z,Praia das Furnas- Porto do Son,Hai pellets na praia,Si,https://g.co/kgs/UaDhTk5,NA,"Non hai ninguén, Voluntarios","Peneiras, capachos, escoba, recolledor,",Non hai contedores específicos,NA,NA,Porto do Son,NA,NA,NA,,NA,NA,NA,NA,Non,NA,42.64357425,-9.038531954456523
2024-01-08T15:06:47Z,"Praia de Tuia, Bueu",Hai pellets na praia,Si,"https://www.google.es/maps/place/Tulla+beach/@42.3365237,-8.8162892,16.5z/data=!4m10!1m2!2m1!1spraia+de+tuia!3m6!1s0xd2f67987218adf7:0x78dbdfc185e5f74d!8m2!3d42.3375885!4d-8.8137097!15sCg1wcmFpYSBkZSB0dWlhWg8iDXByYWlhIGRlIHR1aWGSAQViZWFjaJoBI0NoWkRTVWhOTUc5blMwVkpRMEZuU1VOVk0wOVlVMU4zRUFF4AEA!16s%2Fg%2F11yvxcsfk?entry=ttu",NA,Voluntarios,Capazo con agua e coador,Non hai contedores específicos,NA,NA,Bueu,NA,NA,NA,,NA,NA,NA,NA,Non,NA,42.3365237,-8.8162892
2024-01-08T15:25:09Z,"Menduiña ,Cangas",Non hai pellets na praia,NA,NA,NA,NA,NA,NA,NA,NA,Cangas do Morrazo,NA,NA,NA,,NA,NA,NA,NA,Non,NA,42.2970959,-8.8101883
2024-01-08T17:03:09Z,"Arealonga, Barreiros",Hai pellets na praia,Non teño certeza,"Arealonga(Barreiros,Lugo)",NA,Non hai ninguén,A man,Non hai contedores específicos,NA,NA,Barreiros,NA,NA,NA,,NA,NA,NA,NA,Non,"Non hai moita cantidade(tendo en conta outros residuos plásticos), pero si se ven na liña da baixada da marea",43.5581218,-7.1799608
2024-01-08T17:22:56Z,"Praia de Sada, Sada",Hai pellets na praia,Non teño certeza,NA,NA,Voluntarios,NA,NA,NA,NA,Sada,NA,NA,NA,,NA,NA,NA,NA,Non,NA,-12.8476424,45.10019337576803
2024-01-08T17:32:34Z,"Praia de Melide, Donon",Hai pellets na praia,Non teño certeza,https://maps.app.goo.gl/S3X6sskjqoPyCkN27,NA,Non sei quen son,NA,Non hai contedores específicos,NA,NA,Cangas do Morrazo,NA,NA,NA,,NA,NA,NA,NA,Non,NA,27,NA
2024-01-08T17:44:13Z,"Praia de Porto Maior, Bueu",Non hai pellets na praia,Non,https://maps.app.goo.gl/mav4ecbpE4JK6TkM8,NA,Non hai ninguén,NA,NA,NA,NA,Bueu,NA,NA,NA,,NA,NA,NA,NA,Non,NA,42.675955200000004,-9.030806376224664
2024-01-08T17:44:29Z,"Praia de Redondela, Redondela",Non hai pellets na praia,Non teño certeza,https://maps.app.goo.gl/p37dEKrhseoZi8J6A,NA,NA,NA,NA,NA,NA,Redondela,NA,NA,NA,,NA,NA,NA,NA,Non,NA,37,NA
2024-01-08T17:44:54Z,"Praia de Agrelo, Bueu",Non hai pellets na praia,Non,https://maps.app.goo.gl/ZVECkcVoqx1Kk4rS9,NA,Non hai ninguén,NA,NA,NA,NA,Bueu,NA,NA,NA,,NA,NA,NA,NA,Non,NA,42.33399595,-8.76938033106379
2024-01-08T17:46:09Z,"Praia Pescadoira, Bueu",Non hai pellets na praia,Non,https://maps.app.goo.gl/zjQeo7nURfhrf3xj9,NA,Non hai ninguén,NA,NA,NA,NA,Bueu,NA,NA,NA,,NA,NA,NA,NA,Non,NA,42.3176224,-8.7805301
2024-01-08T17:47:18Z,"Praia de Bueu, Bueu",Non hai pellets na praia,Non,https://maps.app.goo.gl/W1HVLJ1hgJtSMcwB7,NA,Non hai ninguén,NA,NA,NA,NA,Bueu,NA,NA,NA,,NA,NA,NA,NA,Non,NA,42.37917475,-8.943667540479161
2024-01-08T17:48:12Z,"Praya Banda do Rio, Bueu",Non hai pellets na praia,Non,https://maps.app.goo.gl/FtXjhe8o6jrX71gq9,NA,Non hai ninguén,NA,NA,NA,NA,Bueu,NA,NA,NA,,NA,NA,NA,NA,Non,NA,71,NA
2024-01-08T17:49:10Z,"Praia de Beluso, Bueu",Non hai pellets na praia,Non,https://maps.app.goo.gl/t4RT8GKNx3RT6hg76,NA,Non hai ninguén,NA,NA,NA,NA,Bueu,NA,NA,NA,,NA,NA,NA,NA,Non,NA,76,NA
2024-01-08T17:49:59Z,"Praia de Basoñas, Porto do Son",Hai pellets na praia,Non,"42.624236,-9.049125",NA,Voluntarios,NA,Non hai contedores específicos,NA,NA,Porto do Son,https://drive.google.com/open?id=1h2RiGChjX31gKN5OskdmOI_vIlW1ZqaO,NA,NA,,NA,NA,NA,NA,Afectados pero non mortos,El día 6 había muchos mas,42.624236,-9.049125
2024-01-08T17:57:36Z,"Praia Compostela, Vilagarcía de Arousa",Non hai pellets na praia,NA,NA,NA,NA,NA,NA,NA,NA,Vilagarcía de Arousa,NA,NA,NA,,NA,NA,NA,NA,Non,"Estiven polo principio (no lado contrario a Carril) da Praia Compostela en Vilagarcía de Arousa e non vin nada, nin na area nin no mar. Non puiden ir moi lonxe por tempo.",42.6060945,-8.768138237890005
2024-01-08T18:09:53Z,"Praia Samil, Vigo",Non hai pellets na praia,NA,NA,NA,NA,NA,NA,NA,NA,Vigo,NA,NA,NA,,NA,NA,NA,NA,Non,NA,42.210533600000005,-8.77617730373661
2024-01-08T18:11:45Z,"Santa Baia, Vigo",Non hai pellets na praia,NA,NA,NA,NA,NA,NA,NA,NA,Vigo,NA,NA,NA,,NA,NA,NA,NA,Non,NA,42.8523852,-8.4335717
2024-01-08T19:21:15Z,"Playa El Rosal, San Vicente de la Barquera.  Cantabria",Hai pellets na praia,Non teño certeza,NA,NA,Non hai ninguén,NA,NA,NA,NA,San Vicente de la Barquera,NA,NA,NA,,NA,NA,NA,NA,Non,NA,43.391566499999996,-4.386642201244364
2024-01-08T20:28:34Z,Area da Secada A Illa de Arousa,Non hai pellets na praia,NA,NA,NA,NA,NA,NA,NA,NA,Illa de Arousa,NA,NA,NA,,NA,NA,NA,NA,Non,NA,42.5680067,-8.8864979226378
2024-01-08T20:42:23Z,"Calzoa, Vigo",Hai pellets na praia,Non teño certeza,NA,NA,Voluntarios,"Guantes, bolsas plásticas, tamizando la arena","Non hai contedores específicos, Non o tirei ainda",NA,NA,Vigo,NA,NA,NA,,NA,NA,NA,NA,Non,Hay poco y disperso,42.20315635,-8.781652663761342
2024-01-08T20:49:59Z,"A Pedra do Sal, Carballo",Hai pellets na praia,Non teño certeza,NA,NA,Non hai ninguén,NA,NA,NA,NA,Carballo,NA,NA,NA,,NA,NA,NA,NA,Non,NA,43.3014611,-8.6562461
2024-01-08T21:38:11Z,"Praia da Madorra, Nigrán",Hai pellets na praia,Non teño certeza,NA,NA,Non hai ninguén,Aínda hai poucos eca choiva non recollín ningún polo momento.,Non hai contedores específicos,NA,NA,Nigrán,https://drive.google.com/open?id=1kRVR8tVBCSyJuGwVBAqTmrO4p5IxkIar,NA,NA,,NA,NA,NA,NA,Non,Hai uns obreiros reparando o paseo da praia e o maniobrar co tractor. Pode dificultar unha limpeza organizada.,42.1458428,-8.826154882889412
2024-01-08T22:17:40Z,Praia de Tanxil Rianxo,Hai pellets na praia,Non teño certeza,https://maps.app.goo.gl/XqUoRPRRuvgqYCa36,NA,Voluntarios,Peneira,Non hai contedores específicos,NA,NA,Rianxo,NA,NA,NA,,NA,NA,NA,NA,Non,Aí pouca cousa empeza a chegar,36,NA
2024-01-08T22:57:44Z,"Santa cristina, Oleiro",Non hai pellets na praia,NA,NA,NA,NA,NA,NA,NA,NA,Oleiro,NA,NA,NA,,NA,NA,NA,NA,Non,Lunes 8 a las 16h. No se encontraron resto de pellets,45.50880105,12.453863482106925
2024-01-09T08:06:53Z,"Praia de Patos, Nigrán",Convocatoria de xornada de limpeza,NA,NA,NA,NA,NA,NA,NA,NA,Nigrán,NA,NA,00,,En frente das escolas de surf,Organiza el Concello De Nigrán con la colaboración de la AEESP (Prado Surf @pointbreakpatos @patossurfclub @dacss.surf @laconserveradelsurf ).,NA,https://www.instagram.com/p/C11fAIEMqZZ/,NA,NA,42.156002,-8.8229602
2024-01-09T08:06:53Z,"Praia de Patos, Nigrán",Convocatoria de xornada de limpeza,NA,NA,NA,NA,NA,NA,NA,NA,Nigrán,NA,NA,00,,En frente das escolas de surf,Organiza el Concello De Nigrán con la colaboración de la AEESP (Prado Surf @pointbreakpatos @patossurfclub @dacss.surf @laconserveradelsurf ).,NA,https://www.instagram.com/p/C11fAIEMqZZ/,NA,NA,42.156002,-8.8229602
2024-01-09T08:20:38Z,"Praia de Barrañan, A Coruña",Convocatoria de xornada de limpeza,NA,NA,NA,NA,NA,NA,NA,NA,A Coruña,NA,NA,00,,Caseta de la Cruz Roja,Voluntarios,NA,NA,NA,NA,43.3108864,-8.554565915471116
2024-01-09T08:20:38Z,"Praia de Barrañan, Arteixo",Convocatoria de xornada de limpeza,NA,NA,NA,NA,NA,NA,NA,NA,Arteixo,NA,NA,00,,Caseta de la Cruz Roja,Voluntarios,NA,NA,NA,NA,43.3108864,-8.554565915471116
2024-01-09T08:21:43Z,"Praia de Boa Grande, Noia",Convocatoria de xornada de limpeza,NA,NA,NA,NA,NA,NA,NA,NA,Noia,NA,NA,00,,https://maps.app.goo.gl/cbk75CmhoacfVwKN7,Voluntarios,NA,NA,NA,NA,-23.7058434,-46.5968837
2024-01-09T08:21:43Z,"Praia de Boa Grande, Noia",Convocatoria de xornada de limpeza,NA,NA,NA,NA,NA,NA,NA,NA,Noia,NA,NA,00,,https://maps.app.goo.gl/cbk75CmhoacfVwKN7,Voluntarios,NA,NA,NA,NA,-23.7058434,-46.5968837
2024-01-09T09:12:17Z,"Praia de Caión, Laracha",Hai pellets na praia,Non teño certeza,NA,NA,Eu,Con Luvas e intentando con un tamiz,NA,NA,Moi pouco mais ben recolleuse plastico,Arteixo,"https://drive.google.com/open?id=1aixWr55O2LSkpom4f0oQCCX-MnQVc8JM, https://drive.google.com/open?id=1mpkUq1ex6UWZcKrvGh87UFzwk_VBpMtI, https://drive.google.com/open?id=1aNN0ISzORXF_1zhk161zS8XqfW7HgPpt",NA,NA,,NA,NA,NA,NA,Si,O animal morto era unha gaviota,43.3163976,-8.609123884522472
2024-01-09T09:12:17Z,"Praia de Caión, Laracha",Hai pellets na praia,Non teño certeza,NA,NA,Eu,Con Luvas e intentando con un tamiz,NA,NA,Moi pouco mais ben recolleuse plastico,Arteixo,"https://drive.google.com/open?id=1aixWr55O2LSkpom4f0oQCCX-MnQVc8JM, https://drive.google.com/open?id=1mpkUq1ex6UWZcKrvGh87UFzwk_VBpMtI, https://drive.google.com/open?id=1aNN0ISzORXF_1zhk161zS8XqfW7HgPpt",NA,NA,,NA,NA,NA,NA,Si,O animal morto era unha gaviota,43.3163976,-8.609123884522472
2024-01-09T09:28:09Z,"Praia Samil, Vigo",Convocatoria de xornada de limpeza,NA,NA,NA,NA,NA,NA,NA,NA,Vigo,NA,NA,00,,Samil,Pelo morado chaqueta verde oliva,NA,NA,NA,NA,42.210533600000005,-8.77617730373661
2024-01-09T09:28:09Z,Praia Samil vigo,Convocatoria de xornada de limpeza,NA,NA,NA,NA,NA,NA,NA,NA,Vigo,NA,NA,00,,Samil,Pelo morado chaqueta verde oliva,NA,NA,NA,NA,42.210533600000005,-8.77617730373661
2024-01-09T09:53:10Z,"Praia Boa, Noia",Non hai pellets na praia,NA,NA,NA,NA,NA,NA,NA,NA,NA,NA,NA,NA,,NA,NA,NA,NA,Non,NA,42.778868450000004,-8.93145197385348
2024-01-09T09:53:10Z,"Praia Boa, Noia",Non hai pellets na praia,NA,NA,NA,NA,NA,NA,NA,NA,NA,NA,NA,NA,,NA,NA,NA,NA,Non,NA,42.778868450000004,-8.93145197385348
2024-01-09T10:02:23Z,"Praia das Gaivotas, Noia",Non hai pellets na praia,NA,NA,NA,NA,NA,NA,NA,NA,NA,NA,NA,NA,,NA,NA,NA,NA,Non,Fomos coa marea alta,42.7674554,-8.939662010437157
2024-01-09T10:02:23Z,"Praia das Gaivotas, Noia",Non hai pellets na praia,NA,NA,NA,NA,NA,NA,NA,NA,NA,NA,NA,NA,,NA,NA,NA,NA,Non,Fomos coa marea alta,42.7674554,-8.939662010437157
2024-01-09T11:52:06Z,Praia de Cesantes. Redondela,Non hai pellets na praia,NA,NA,NA,NA,NA,NA,NA,NA,NA,NA,NA,NA,,NA,NA,NA,NA,Non,Revisada zona da Punta e zona do Muelle,42.2952565,-8.614913408377486
2024-01-09T11:52:06Z,Praia de Cesantes. Redondela,Non hai pellets na praia,NA,NA,NA,NA,NA,NA,NA,NA,NA,NA,NA,NA,,NA,NA,NA,NA,Non,Revisada zona da Punta e zona do Muelle,42.2952565,-8.614913408377486
2024-01-09T12:13:49Z,"Praia das Saiñas, Castrelo, Cambados",Non hai pellets na praia,NA,NA,NA,NA,NA,NA,NA,NA,NA,NA,NA,NA,,NA,NA,NA,NA,Non,Parecía que huberan estado limpiando pero non dispoño desa información para confirmalo,42.58270965,-8.797384626058072
2024-01-09T12:13:49Z,"Praia das Saiñas, Castrelo, Cambados",Non hai pellets na praia,NA,NA,NA,NA,NA,NA,NA,NA,NA,NA,NA,NA,,NA,NA,NA,NA,Non,Parecía que huberan estado limpiando pero non dispoño desa información para confirmalo,42.58270965,-8.797384626058072
2024-01-09T12:52:32Z,"Praia de Loira, Marín",Non hai pellets na praia,NA,NA,NA,NA,NA,NA,NA,NA,NA,NA,NA,NA,,NA,NA,NA,NA,Non,NA,42.368497000000005,-8.740067690953085
2024-01-09T12:52:32Z,"Praia de Loira, Marín",Non hai pellets na praia,NA,NA,NA,NA,NA,NA,NA,NA,NA,NA,NA,NA,,NA,NA,NA,NA,Non,NA,42.368497000000005,-8.740067690953085
2024-01-09T13:10:27Z,"Aguieira, Porto do Son",Hai pellets na praia,Non teño certeza,"42,7417844, -8,9758532",NA,Persoas voluntarias,Con peneiras e bolsas.,Non hai contedores específicos,NA,"Foi o domingo pola tarde cando os vimos. Había 8 persoas recollendo. Non eran moito, non se encheu nin unha bolsa entre todos.",Porto do Son,"https://drive.google.com/open?id=11CljMo6mJRLNFiPOTkJ_i8P9ILjAEXVm, https://drive.google.com/open?id=17QgiYmUqocT3IW26agvj0ojAa9hcMLOH",NA,NA,,NA,NA,NA,NA,Non,NA,42,7417844
2024-01-09T13:10:27Z,"Aguieira, Porto do Son",Hai pellets na praia,Non teño certeza,"42,7417844, -8,9758532",NA,Persoas voluntarias,Con peneiras e bolsas.,Non hai contedores específicos,NA,"Foi o domingo pola tarde cando os vimos. Había 8 persoas recollendo. Non eran moito, non se encheu nin unha bolsa entre todos.",Porto do Son,"https://drive.google.com/open?id=11CljMo6mJRLNFiPOTkJ_i8P9ILjAEXVm, https://drive.google.com/open?id=17QgiYmUqocT3IW26agvj0ojAa9hcMLOH",NA,NA,,NA,NA,NA,NA,Non,NA,42,7417844
2024-01-09T13:51:11Z,"Praia de Santo Tomé, Cambados",Non hai pellets na praia,NA,NA,NA,NA,NA,NA,NA,NA,NA,NA,NA,NA,,NA,NA,NA,NA,Non,NA,0.3802114,6.708535569043663
2024-01-09T13:51:11Z,"Praia de Santo Tomé, Cambados",Non hai pellets na praia,NA,NA,NA,NA,NA,NA,NA,NA,NA,NA,NA,NA,,NA,NA,NA,NA,Non,NA,0.3802114,6.708535569043663
2024-01-09T13:56:34Z,"Barrañán, Arteixo",Hai pellets na praia,Si,NA,NA,Non hai ninguén,NA,Non hai contedores específicos,NA,Na zona de algas na area,Arteixo,https://drive.google.com/open?id=1HXiJcHzP2W0aIngdwIHr5hpGwoVENfpZ,NA,NA,,NA,NA,NA,NA,Non,NA,43.303615,-8.5423431
2024-01-09T13:56:34Z,Barrañán (Arteixo),Hai pellets na praia,Si,NA,NA,Non hai ninguén,NA,Non hai contedores específicos,NA,Na zona de algas na area,Arteixo,https://drive.google.com/open?id=1HXiJcHzP2W0aIngdwIHr5hpGwoVENfpZ,NA,NA,,NA,NA,NA,NA,Non,NA,43.303615,-8.5423431
2024-01-09T13:57:03Z,"Praia de Sabón, Arteixo",Non hai pellets na praia,NA,NA,NA,NA,NA,NA,NA,NA,NA,NA,NA,NA,,NA,NA,NA,NA,Non,NA,43.3234971,-8.5134026
2024-01-09T13:57:03Z,"Praia de Sabón, Arteixo",Non hai pellets na praia,NA,NA,NA,NA,NA,NA,NA,NA,NA,NA,NA,NA,,NA,NA,NA,NA,Non,NA,43.3234971,-8.5134026
2024-01-09T14:36:07Z,"Area Grande, A Guarda",Hai pellets na praia,Non teño certeza,NA,"Area, Entre as algas",Non hai ninguén,NA,Non hai contedores específicos,NA,Non se atooan mojitos todavía. E son difíciles de ver por como é a área. Pero eu saquei uns 20 en dous métros cadrados,A Guarda,https://drive.google.com/open?id=1UPjS5xdTCvfiPYJDIHBCRcAfW_YefBPR,NA,NA,,NA,NA,NA,NA,Non,NA,41.91007745,-8.8764567641016
2024-01-09T14:36:07Z,"Area Grande, A Guarda",Hai pellets na praia,Non teño certeza,NA,"Area, Entre as algas",Non hai ninguén,NA,Non hai contedores específicos,NA,Non se atooan mojitos todavía. E son difíciles de ver por como é a área. Pero eu saquei uns 20 en dous métros cadrados,A Guarda,https://drive.google.com/open?id=1UPjS5xdTCvfiPYJDIHBCRcAfW_YefBPR,NA,NA,,NA,NA,NA,NA,Non,NA,41.91007745,-8.8764567641016
2024-01-09T14:51:03Z,"Cariño, Ferrol.",Hai pellets na praia,Non,NA,Rochas,Persoas voluntarias,Capacho con agua y filtración dos pellets.,Non hai contedores específicos,NA,Pellets e millones de micro plásticos.,Además de pellets el estado de la.playa es lamentable llena de plásticos por todos lados e microplasticos.,https://drive.google.com/open?id=1xRccX19QUhTmgEBKmjIpW7L4ls_v8Yvl,NA,NA,,NA,NA,NA,NA,Si,NA,43.4716032,-8.3164268
2024-01-09T14:51:03Z,"Cariño, Ferrol.",Hai pellets na praia,Non,NA,Rochas,Persoas voluntarias,Capacho con agua y filtración dos pellets.,Non hai contedores específicos,NA,Pellets e millones de micro plásticos.,Además de pellets el estado de la.playa es lamentable llena de plásticos por todos lados e microplasticos.,https://drive.google.com/open?id=1xRccX19QUhTmgEBKmjIpW7L4ls_v8Yvl,NA,NA,,NA,NA,NA,NA,Si,NA,43.4716032,-8.3164268
2024-01-09T15:05:41Z,"Arnado, Laxe",Hai pellets na praia,Si,NA,Area,Non hai ninguén,NA,Non hai contedores específicos,NA,Pellets moi dispersos na area,Laxe,https://drive.google.com/open?id=1nTzyjKoXviZm4B-lFu5rAyJa-WWrhLzf,NA,NA,,NA,NA,NA,NA,Non,NA,43.2061348,-9.032246
2024-01-09T15:05:41Z,"Arnado, Laxe",Hai pellets na praia,Si,NA,Area,Non hai ninguén,NA,Non hai contedores específicos,NA,Pellets moi dispersos na area,Laxe,https://drive.google.com/open?id=1nTzyjKoXviZm4B-lFu5rAyJa-WWrhLzf,NA,NA,,NA,NA,NA,NA,Non,NA,43.2061348,-9.032246
2024-01-09T15:28:58Z,"Mera, Oleiros",Hai pellets na praia,Non teño certeza,"43.37909, -8.33787",Area,Persoas voluntarias,NA,Non hai contedores específicos,NA,Bastantes,Oleiros,"https://drive.google.com/open?id=18-G8LC6qSljGlpQTjnSlEl31dcSaCndg, https://drive.google.com/open?id=1q9ewFitCLFErSUrzVg0tvjGmOMyyYhL8",NA,NA,,NA,NA,NA,NA,Non,NA,43.37909,-8.33787
2024-01-09T15:28:58Z,Playa de Mera. Concello de Oleiros (A Coruña),Hai pellets na praia,Non teño certeza,"43.37909, -8.33787",Area,Persoas voluntarias,NA,Non hai contedores específicos,NA,Bastantes,Oleiros,"https://drive.google.com/open?id=18-G8LC6qSljGlpQTjnSlEl31dcSaCndg, https://drive.google.com/open?id=1q9ewFitCLFErSUrzVg0tvjGmOMyyYhL8",NA,NA,,NA,NA,NA,NA,Non,NA,43.37909,-8.33787
2024-01-09T15:44:40Z,"Praia do Castelete, Vilagarcía",Non hai pellets na praia,NA,NA,NA,NA,NA,NA,NA,NA,NA,NA,NA,NA,,NA,NA,NA,NA,Non,NA,42.54688175,-8.83202489788442
2024-01-09T15:44:40Z,"Praia do Castelete, Vilagarcía",Non hai pellets na praia,NA,NA,NA,NA,NA,NA,NA,NA,NA,NA,NA,NA,,NA,NA,NA,NA,Non,NA,42.54688175,-8.83202489788442
2024-01-09T16:25:27Z,Esteiro de Xove,Hai pellets na praia,Si,"LU-P-2610, 54, 27877 Xove, Lugo","Area, Entre as algas",Non hai ninguén,A mano,Contenedor amarilli,NA,"Recogí medio kg, hay bastante...",Xove,https://drive.google.com/open?id=1UP9T2b5501H54cHj6fBpuNhBkh6lNw-e,NA,NA,,NA,NA,NA,NA,Non,NA,-2610,54
2024-01-09T16:25:27Z,Esteiro de Xove,Hai pellets na praia,Si,"LU-P-2610, 54, 27877 Xove, Lugo","Area, Entre as algas",Non hai ninguén,A mano,Contenedor amarilli,NA,"Recogí medio kg, hay bastante...",Xove,https://drive.google.com/open?id=1UP9T2b5501H54cHj6fBpuNhBkh6lNw-e,NA,NA,,NA,NA,NA,NA,Non,NA,-2610,54
2024-01-09T16:48:56Z,"Praia de Nerga, Cangas del Morrazo",Hai pellets na praia,Non,NA,Area,Persoas voluntarias,"A man.. están moi espallados.. integrados cos microplásticos ""autóctonos""","Non hai contedores específicos, Contenedor amarelo",Non,O domingo 7xaneiro o medio día.. poucos e integrados,Cangas,"https://drive.google.com/open?id=1WBvIbmO9oD1qrcZ8UmWgW_ZLqdXDidJZ, https://drive.google.com/open?id=1u8BSXFNhlWtYo-l50THmARtHN8VoZCPw",NA,NA,,NA,NA,NA,NA,Non,NA,42.257441549999996,-8.836407757924835
2024-01-09T16:48:56Z,"Viñó (Nerga), Cangas",Hai pellets na praia,Non,NA,Area,Persoas voluntarias,"A man.. están moi espallados.. integrados cos microplásticos ""autóctonos""","Non hai contedores específicos, Contenedor amarelo",Non,O domingo 7xaneiro o medio día.. poucos e integrados,Cangas,"https://drive.google.com/open?id=1WBvIbmO9oD1qrcZ8UmWgW_ZLqdXDidJZ, https://drive.google.com/open?id=1u8BSXFNhlWtYo-l50THmARtHN8VoZCPw",NA,NA,,NA,NA,NA,NA,Non,NA,42.2560722,-8.8292125
2024-01-09T17:42:55Z,BOIRO,Non hai pellets na praia,NA,NA,NA,NA,NA,NA,NA,NA,NA,NA,NA,NA,,NA,NA,NA,NA,Non,NA,42.6823024,-8.8909873
2024-01-09T17:42:55Z,BOIRO,Non hai pellets na praia,NA,NA,NA,NA,NA,NA,NA,NA,NA,NA,NA,NA,,NA,NA,NA,NA,Non,NA,42.6823024,-8.8909873
2024-01-09T17:47:17Z,"Ponzos, Ferrol",Hai pellets na praia,Non teño certeza,"43,5549189, -8,2678751",Area,Non hai ninguén,NA,NA,Non,NA,Ferrol,https://drive.google.com/open?id=1w7U9YIteQCIInZ8MkW_0k4qfkrCheCiC,NA,NA,,NA,NA,NA,NA,Si,NA,43,5549189
2024-01-09T17:47:17Z,"Ponzos, Ferrol",Hai pellets na praia,Non teño certeza,"43,5549189, -8,2678751",Area,Non hai ninguén,NA,NA,Non,NA,Ferrol,https://drive.google.com/open?id=1w7U9YIteQCIInZ8MkW_0k4qfkrCheCiC,NA,NA,,NA,NA,NA,NA,Si,NA,43,5549189
2024-01-09T18:12:27Z,"Santa Comba, Ferrol",Hai pellets na praia,Non teño certeza,"(43.5572184, -8.2836773)","Area, Entre as algas",Persoas voluntarias,Con coadores e cepillo,Non hai contedores específicos,Non,"Soamente estiven na zona este, había pouca cantidade de pellets, non vin ningun saco.",Ferrol,https://drive.google.com/open?id=1QDkzMOE4jT4dQBb5V34z_W2u23y9GrM2,NA,NA,,NA,NA,NA,NA,Non,NA,43.557218399999996,-8.2836773
2024-01-09T18:12:27Z,"Santa Comba, Ferrol",Hai pellets na praia,Non teño certeza,"(43.5572184, -8.2836773)","Area, Entre as algas",Persoas voluntarias,Con coadores e cepillo,Non hai contedores específicos,Non,"Soamente estiven na zona este, había pouca cantidade de pellets, non vin ningun saco.",Ferrol,https://drive.google.com/open?id=1QDkzMOE4jT4dQBb5V34z_W2u23y9GrM2,NA,NA,,NA,NA,NA,NA,Non,NA,43.557218399999996,-8.2836773
2024-01-09T18:35:46Z,"A Madorra, Nigrán",Convocatoria de xornada de limpeza,NA,NA,NA,NA,NA,NA,NA,NA,Nigrán,NA,NA,00,,Na mesma praia,Voluntariado de Val Miñor,https://chat.whatsapp.com/DxMlgmgoDC0E3cZAcRGc5A?fbclid=IwAR3vyDFVYHQg6XTm2CN9OHkJzXm3UWIy9PBpCJoe9JhuBGHroZIrD5-GHps,https://drive.google.com/open?id=1Hcg_tRrjyCtixny_hnP8ATjWt-_8UVQJ,NA,NA,42.1463227,-8.8254752
2024-01-09T18:35:46Z,"A Madorra, Nigrán",Convocatoria de xornada de limpeza,NA,NA,NA,NA,NA,NA,NA,NA,Nigrán,NA,NA,00,,Na mesma praia,Voluntariado de Val Miñor,https://chat.whatsapp.com/DxMlgmgoDC0E3cZAcRGc5A?fbclid=IwAR3vyDFVYHQg6XTm2CN9OHkJzXm3UWIy9PBpCJoe9JhuBGHroZIrD5-GHps,https://drive.google.com/open?id=1Hcg_tRrjyCtixny_hnP8ATjWt-_8UVQJ,NA,NA,42.1463227,-8.8254752
2024-01-09T18:35:56Z,"Praia das Barreiras, Ribeira Corrubedo",Hai pellets na praia,Non,"42,5820294, -9,0784122",Area,Persoas voluntarias,"A man, con coladores e metendo a area en capachos de auga para recoller os pellets",Non hai contedores específicos,Non,4 persoas durante todo o día recollemos entre 3 e 4 kg.,Ribeira,"https://drive.google.com/open?id=1s2YhZcchoYRVSVzVHMW-uxUZ-L_qad5D, https://drive.google.com/open?id=1oynvwHrjh0jHNIiFi6GK7fLY7kFVaR79, https://drive.google.com/open?id=1vjyqPwxs7j-1edukueAWzQgMlnk--EaV, https://drive.google.com/open?id=1h8JDSAQADBKJyxGLi7RZ6IEpSFXMvEqf",NA,NA,,NA,NA,NA,NA,Non,Isto corresponde ao domingo 7 de xaneiro. Acabo de ver que non aparecia en ningun mapa a notificación desta praia,42,5820294
2024-01-09T18:35:56Z,"Praia das Barreiras, Ribeira Corrubedo",Hai pellets na praia,Non,"42,5820294, -9,0784122",Area,Persoas voluntarias,"A man, con coladores e metendo a area en capachos de auga para recoller os pellets",Non hai contedores específicos,Non,4 persoas durante todo o día recollemos entre 3 e 4 kg.,Ribeira,"https://drive.google.com/open?id=1s2YhZcchoYRVSVzVHMW-uxUZ-L_qad5D, https://drive.google.com/open?id=1oynvwHrjh0jHNIiFi6GK7fLY7kFVaR79, https://drive.google.com/open?id=1vjyqPwxs7j-1edukueAWzQgMlnk--EaV, https://drive.google.com/open?id=1h8JDSAQADBKJyxGLi7RZ6IEpSFXMvEqf",NA,NA,,NA,NA,NA,NA,Non,Isto corresponde ao domingo 7 de xaneiro. Acabo de ver que non aparecia en ningun mapa a notificación desta praia,42,5820294
2024-01-09T18:37:25Z,Praia do Bimbieiro Celtigos Otigueira,Hai pellets na praia,Non,NA,"Area, Rochas, Entre as algas, Restos vexetais na entrada da praia",Persoas voluntarias,Directamente,"Non hai contedores específicos, En bolsa plástica levados",Non,Recolleuse apenas un par de puñados hai certa cantidade espallados,Ortigueira,https://drive.google.com/open?id=1xCmjw-jzDJ7iwDJHFOY9QUncM0wTYBp2,NA,NA,,NA,NA,NA,NA,Non,Obsevanse xa parcialmente soterradas entre a vexetación,NA,NA
2024-01-09T18:37:25Z,Praia do Bimbieiro Celtigos Otigueira,Hai pellets na praia,Non,NA,"Area, Rochas, Entre as algas, Restos vexetais na entrada da praia",Persoas voluntarias,Directamente,"Non hai contedores específicos, En bolsa plástica levados",Non,Recolleuse apenas un par de puñados hai certa cantidade espallados,Ortigueira,https://drive.google.com/open?id=1xCmjw-jzDJ7iwDJHFOY9QUncM0wTYBp2,NA,NA,,NA,NA,NA,NA,Non,Obsevanse xa parcialmente soterradas entre a vexetación,NA,NA
2024-01-09T19:06:18Z,"Praia Ancoradoiro, Muros",Convocatoria de xornada de limpeza,NA,NA,NA,NA,NA,NA,NA,NA,Muros,NA,NA,00,,Playa de Ancoradoiro,PlasticFREEwave,Natalia,NA,NA,Más información en nuestro instagram: @plasticfreewave_ong,42.7561669,-9.111849229151513
2024-01-09T19:06:18Z,"Praia Ancoradoiro, Muros",Convocatoria de xornada de limpeza,NA,NA,NA,NA,NA,NA,NA,NA,Muros,NA,NA,00,,Playa de Ancoradoiro,PlasticFREEwave,Natalia,NA,NA,Más información en nuestro instagram: @plasticfreewave_ong,42.7561669,-9.111849229151513
2024-01-09T19:10:23Z,"Doniños, Ferrol",Hai pellets na praia,Non teño certeza,NA,"Area, Entre as algas",Persoas voluntarias,NA,Non hai contedores específicos,Non,NA,Ferrol,https://drive.google.com/open?id=1Kl8pwGtyF6B9HersHRu7Hvlt0RIL6CdJ,NA,NA,,NA,NA,NA,NA,Non,NA,43.4896673,-8.2976864
2024-01-09T19:10:23Z,"Doniños, Ferrol",Hai pellets na praia,Non teño certeza,NA,"Area, Entre as algas",Persoas voluntarias,NA,Non hai contedores específicos,Non,NA,Ferrol,https://drive.google.com/open?id=1Kl8pwGtyF6B9HersHRu7Hvlt0RIL6CdJ,NA,NA,,NA,NA,NA,NA,Non,NA,43.4896673,-8.2976864
2024-01-09T19:26:06Z,"Chanteiro, Ares",Hai pellets na praia,Non teño certeza,https://maps.app.goo.gl/FWi4c3z63jNFhssF6?g_st=ic,"Area, Entre as algas","Persoas voluntarias, Alcalde",Voluntarios con colador,Non hai contedores específicos,Non,Se recogió en 2 horas el fondo (1 dedo aprox) de una bolsa de basura de 30L,Ares,https://drive.google.com/open?id=1jDf1viAt9dmDxrDzeYshK7c_wKteBTVl,NA,NA,,NA,NA,NA,NA,Non,Apareció personal de la Xunta para ver la cantidad que había y sacaron fotos de lo que recogí para mandarlo a TRAGSA y pedir que fueran a limpiar,63,NA
2024-01-09T19:26:06Z,"Chanteiro, Ares",Hai pellets na praia,Non teño certeza,https://maps.app.goo.gl/FWi4c3z63jNFhssF6?g_st=ic,"Area, Entre as algas","Persoas voluntarias, Alcalde",Voluntarios con colador,Non hai contedores específicos,Non,Se recogió en 2 horas el fondo (1 dedo aprox) de una bolsa de basura de 30L,Ares,https://drive.google.com/open?id=1jDf1viAt9dmDxrDzeYshK7c_wKteBTVl,NA,NA,,NA,NA,NA,NA,Non,Apareció personal de la Xunta para ver la cantidad que había y sacaron fotos de lo que recogí para mandarlo a TRAGSA y pedir que fueran a limpiar,63,NA
2024-01-09T19:26:50Z,"Praia do Regueiro, Bergondo",Non hai pellets na praia,NA,NA,NA,NA,NA,NA,NA,NA,NA,NA,NA,NA,,NA,NA,NA,NA,Non,NA,43.3117553,-8.2463208
2024-01-09T19:26:50Z,"Praia do Regueiro, Bergondo",Non hai pellets na praia,NA,NA,NA,NA,NA,NA,NA,NA,NA,NA,NA,NA,,NA,NA,NA,NA,Non,NA,43.3117553,-8.2463208
2024-01-09T19:27:30Z,"Praia do Pedrido, Bergondo",Non hai pellets na praia,NA,NA,NA,NA,NA,NA,NA,NA,NA,NA,NA,NA,,NA,NA,NA,NA,Non,NA,43.32845535,-8.2129804936332
2024-01-09T19:27:30Z,"Praia do Pedrido, Bergondo",Non hai pellets na praia,NA,NA,NA,NA,NA,NA,NA,NA,NA,NA,NA,NA,,NA,NA,NA,NA,Non,NA,43.32845535,-8.2129804936332
2024-01-09T19:32:00Z,"Praia Ribeira do Prado, Ribeira",Hai pellets na praia,Non teño certeza,Corrubedo,"Area, Rochas, Entre as algas, Na auga",Non hai ninguén,Con coladores e coas mans.,Non hai contedores específicos,NA,"Moitísimos, miles. Recoimos o que pudimos, pero eramos so tres personas.",Ribeira,https://drive.google.com/open?id=1VrT3FnIIZOHn8CO7bX7f4VsuIIs7P5f9,NA,NA,,NA,NA,NA,NA,Si,"Moitas grazas pola vosa axuda, sodes os mellores. Moira Forza 💪🏻",42.574793799999995,-9.0700219197786
2024-01-09T19:32:00Z,"Praia Ribeira do Prado, Ribeira",Hai pellets na praia,Non teño certeza,Corrubedo,"Area, Rochas, Entre as algas, Na auga",Non hai ninguén,Con coladores e coas mans.,Non hai contedores específicos,NA,"Moitísimos, miles. Recoimos o que pudimos, pero eramos so tres personas.",Ribeira,https://drive.google.com/open?id=1VrT3FnIIZOHn8CO7bX7f4VsuIIs7P5f9,NA,NA,,NA,NA,NA,NA,Si,"Moitas grazas pola vosa axuda, sodes os mellores. Moira Forza 💪🏻",42.574793799999995,-9.0700219197786
2024-01-09T20:50:05Z,"Mar de lira, portocubelo e o faro de Lira, Carnota",Hai pellets na praia,Non teño certeza,"(42.8061100, -9.1362584) (42.8054896, -9.1276723)","Area, Na auga",Non sei quen son,NA,Non hai contedores específicos,Non,NA,Carnota,"https://drive.google.com/open?id=1QJejCCUYOGsi_fLkrWTK0e1n5hiY_6SU, https://drive.google.com/open?id=197PZjDQr1ZeO-Wry93nCDqtjIecLHBt0",NA,NA,,NA,NA,NA,NA,Non,NA,42.80611,-9.1362584
2024-01-09T20:50:05Z,"Mar de lira, portocubelo e o faro de Lira, Carnota",Hai pellets na praia,Non teño certeza,"(42.8061100, -9.1362584) (42.8054896, -9.1276723)","Area, Na auga",Non sei quen son,NA,Non hai contedores específicos,Non,NA,Carnota,"https://drive.google.com/open?id=1QJejCCUYOGsi_fLkrWTK0e1n5hiY_6SU, https://drive.google.com/open?id=197PZjDQr1ZeO-Wry93nCDqtjIecLHBt0",NA,NA,,NA,NA,NA,NA,Non,NA,42.80611,-9.1362584
2024-01-09T20:56:19Z,"Praia da Langosteira, Fisterra",Hai pellets na praia,Si,"42,9190156, -9,2632549",Saco,un particular recolle o saco,NA,policía local recolle o saco,Si,NA,Fisterra,https://drive.google.com/open?id=1zCtz_KxSNBiHO1-dbVqXoRSgta8MpROi,NA,NA,,NA,NA,NA,NA,Non,NA,42,9190156
2024-01-09T20:56:19Z,"Praia da Langosteira, Fisterra",Hai pellets na praia,Si,"42,9190156, -9,2632549",Saco,un particular recolle o saco,NA,policía local recolle o saco,Si,NA,Fisterra,https://drive.google.com/open?id=1zCtz_KxSNBiHO1-dbVqXoRSgta8MpROi,NA,NA,,NA,NA,NA,NA,Non,NA,42,9190156
2024-01-09T21:43:08Z,"Madorra, Nigrán",Convocatoria de xornada de limpeza,NA,NA,NA,NA,NA,NA,NA,NA,Nigrán,NA,2024-01-10T00:00:00Z,16,,NA,Grupo whatsApp PO. Val do Miño,Pola Comunidade de WhatsApp,https://drive.google.com/open?id=1SCZ8ORIfLYtsi5d4_Y89_gV9Id_g1fk6,NA,Temos indicacións do concelleiro de Nigrán de deixar os pellets nunha rambla para a súa posterior recollida.,42.1458428,-8.826154882889412
2024-01-09T21:43:08Z,"Madorra, Nigrán",Convocatoria de xornada de limpeza,NA,NA,NA,NA,NA,NA,NA,NA,Nigrán,NA,2024-01-10T00:00:00Z,16,,NA,Grupo whatsApp PO. Val do Miño,Pola Comunidade de WhatsApp,https://drive.google.com/open?id=1SCZ8ORIfLYtsi5d4_Y89_gV9Id_g1fk6,NA,Temos indicacións do concelleiro de Nigrán de deixar os pellets nunha rambla para a súa posterior recollida.,42.1458428,-8.826154882889412
2024-01-09T22:04:21Z,"Praia Testal, Noia",Hai pellets na praia,Non teño certeza,https://maps.app.goo.gl/fPY35yQQHrsHTsxv6,Entre as algas,Persoas voluntarias,A man un por un,Non hai contedores específicos,Non,"A cantidade é baixa, pero non sei cifrala",Noia,"https://drive.google.com/open?id=1NwYwbgfAFCaafloHmuttV7ILaSiz1GGU, https://drive.google.com/open?id=1-JDdMpTZKQdAKDCZRIJzShLNkDqgdQHW",NA,NA,,NA,NA,NA,NA,Non,NA,35,NA
2024-01-09T22:04:21Z,"Praia Testal, Noia",Hai pellets na praia,Non teño certeza,https://maps.app.goo.gl/fPY35yQQHrsHTsxv6,Entre as algas,Persoas voluntarias,A man un por un,Non hai contedores específicos,Non,"A cantidade é baixa, pero non sei cifrala",Noia,"https://drive.google.com/open?id=1NwYwbgfAFCaafloHmuttV7ILaSiz1GGU, https://drive.google.com/open?id=1-JDdMpTZKQdAKDCZRIJzShLNkDqgdQHW",NA,NA,,NA,NA,NA,NA,Non,NA,35,NA
2024-01-09T22:24:06Z,Ezaro. Dumbria,Non hai pellets na praia,NA,NA,NA,NA,NA,NA,NA,NA,NA,NA,NA,NA,,NA,NA,NA,NA,Non,NA,42.9284723,-9.1178972
2024-01-09T22:24:06Z,Ezaro. Dumbria,Non hai pellets na praia,NA,NA,NA,NA,NA,NA,NA,NA,NA,NA,NA,NA,,NA,NA,NA,NA,Non,NA,42.9284723,-9.1178972
2024-01-09T22:40:13Z,"Praia do Vilar, Ferrol",Hai pellets na praia,Si,"(43.5408653, -8.2983175)","Area, Rochas, Entre as algas","Non hai ninguén, Eu (persoa voluntaria)","De jeito mecánico, manual (a mao, com recipientes caseiros reutilizados)",Estou a guarda-los para emprega-los para fazer acçons artísticas e artesania desde o meu projeto Onda Nosa @ondanosa,Non,"Hai concentraçons altas de pellets moi homogéneos (todos igualinhos, claramente dum vertido)  na zona máis perto ao mar e cada onda trae mais, mais minguou a quantidade de dous dias atrás 7/1/24 a hoje 9/1/24",Ferrol,"https://drive.google.com/open?id=15hxjOY9DMQZ0oUHzYdNUgz9H5hTeiukF, https://drive.google.com/open?id=1ZewBpovaU0XqEecOBuklS_e-S13YODwQ, https://drive.google.com/open?id=14NRWza-18GzrPO8GUeSfxofoNg6qfT4s, https://drive.google.com/open?id=1VlBzkuWTZv4G9hJXIXOtrWn_qDuoJG-2, https://drive.google.com/open?id=1hoaegSVs4lqYtiNfbEi_9oTjJx-0yDCV",NA,NA,,NA,NA,NA,NA,Non,NA,43.5408653,-8.2983175
2024-01-09T22:40:13Z,O Vilar (Covas) - Ferrol,Hai pellets na praia,Si,"(43.5408653, -8.2983175)","Area, Rochas, Entre as algas","Non hai ninguén, Eu (persoa voluntaria)","De jeito mecánico, manual (a mao, com recipientes caseiros reutilizados)",Estou a guarda-los para emprega-los para fazer acçons artísticas e artesania desde o meu projeto Onda Nosa @ondanosa,Non,"Hai concentraçons altas de pellets moi homogéneos (todos igualinhos, claramente dum vertido)  na zona máis perto ao mar e cada onda trae mais, mais minguou a quantidade de dous dias atrás 7/1/24 a hoje 9/1/24",Ferrol,"https://drive.google.com/open?id=15hxjOY9DMQZ0oUHzYdNUgz9H5hTeiukF, https://drive.google.com/open?id=1ZewBpovaU0XqEecOBuklS_e-S13YODwQ, https://drive.google.com/open?id=14NRWza-18GzrPO8GUeSfxofoNg6qfT4s, https://drive.google.com/open?id=1VlBzkuWTZv4G9hJXIXOtrWn_qDuoJG-2, https://drive.google.com/open?id=1hoaegSVs4lqYtiNfbEi_9oTjJx-0yDCV",NA,NA,,NA,NA,NA,NA,Non,NA,43.5408653,-8.2983175
2024-01-09T23:53:26Z,"Praia de Cariño, A Coruña",Convocatoria de xornada de limpeza,NA,NA,NA,NA,NA,NA,NA,NA,A Coruña,NA,2024-01-09T00:00:00Z,14,,Voluntarios,NA,NA,https://docs.google.com/document/d/1IC_I8NR5_jkI1_UONujILv11pAo5d_GS/edit,NA,NA,43.47074075,-8.316678245589674
2024-01-09T23:55:28Z,"Praia Matadero, A Coruña",Convocatoria de xornada de limpeza,NA,NA,NA,NA,NA,NA,NA,NA,A Coruña,NA,2024-01-09T00:00:00Z,17,,Voluntarios,NA,NA,https://docs.google.com/document/d/1IC_I8NR5_jkI1_UONujILv11pAo5d_GS/edit,NA,NA,43.3754895,-8.403784955465248
2024-01-09T23:57:35Z,"Queiruga, Porto do Son",Convocatoria de xornada de limpeza,NA,NA,NA,NA,NA,NA,NA,NA,Porto do Son,NA,2024-01-09T00:00:00Z,09,,Voluntarios,NA,NA,https://docs.google.com/document/d/1IC_I8NR5_jkI1_UONujILv11pAo5d_GS/edit,NA,NA,42.6743049,-9.0178635
2024-01-09T23:59:47Z,"Praia Cobasa, Ribeira",Convocatoria de xornada de limpeza,NA,NA,NA,NA,NA,NA,NA,NA,Ribeira,NA,2024-01-09T00:00:00Z,17,,Voluntarios,NA,NA,https://docs.google.com/document/d/1IC_I8NR5_jkI1_UONujILv11pAo5d_GS/edit,NA,NA,42.5805628,-9.013685
2024-01-10T00:41:13Z,"Praia de Coira, Portosín",Hai pellets na praia,Si,NA,Area,Persoas voluntarias,"Recollemos con luvas, cubos, coladores e escobillas de limpeza.","Non hai contedores específicos, Levamos os pellets ao punto limpo de Milladoiro xa que cando chamamos ao 112 non sabían darnos indicacións de onde depositalos.",Non,Hai pellets esparcidos por toda a praia. Coa choiva e o frío non recollemos moito.,Portosín,"https://drive.google.com/open?id=1qo_DhKsZHkgY5kpEoJUlCfcqDrkML4_G, https://drive.google.com/open?id=1Xx1iVZZdCGZ1AeRPeUZGoKBYgZNSqcQ9, https://drive.google.com/open?id=16f-_foJx0Y8h6lJcQhz8eQaPPqnj1-xI",NA,NA,,NA,NA,NA,NA,Non,NA,42.755465650000005,-8.951374625856666
2024-01-10T01:16:59Z,"Praia de Doniños, Ferrol",Convocatoria de xornada de limpeza,NA,NA,NA,NA,NA,NA,NA,NA,NA,NA,2024-01-10T00:00:00Z,11,,Voluntarios,NA,NA,NA,NA,NA,43.49581515,-8.31745859239686
2024-01-10T01:21:43Z,"Praia de Boa Grande, Noia",Convocatoria de xornada de limpeza,NA,NA,NA,NA,NA,NA,NA,NA,Noia,NA,2024-01-10T00:00:00Z,11,,Voluntarios,NA,NA,NA,NA,NA,-23.7058434,-46.5968837
2024-01-10T01:29:06Z,"Praia de Cabeiro, Porto do Son",Convocatoria de xornada de limpeza,NA,NA,NA,NA,NA,NA,NA,NA,NA,NA,2024-01-10T00:00:00Z,15,,Voluntarios,NA,NA,NA,NA,NA,42.7357443,-8.991352204678773
2024-01-10T01:30:37Z,"Praia Mexilloeira, O Grove",Convocatoria de xornada de limpeza,NA,NA,NA,NA,NA,NA,NA,NA,NA,NA,2024-01-10T00:00:00Z,16,,Voluntarios,NA,NA,NA,NA,NA,42.4693872,-8.8949654
2024-01-10T01:32:22Z,"Praia de Baleeiros, Corrubedo",Convocatoria de xornada de limpeza,NA,NA,NA,NA,NA,NA,NA,NA,NA,NA,2024-01-10T00:00:00Z,16,,Voluntarios,NA,NA,NA,NA,NA,42.577848700000004,-9.081623535741544
2024-01-10T01:37:33Z,"Praia de Boa Grande, Noia",Convocatoria de xornada de limpeza,NA,NA,NA,NA,NA,NA,NA,NA,NA,NA,2024-01-10T00:00:00Z,11,,Voluntarios,NA,NA,NA,NA,NA,-23.7058434,-46.5968837
2024-01-10T01:39:29Z,"Praia de Samil, Vigo",Convocatoria de xornada de limpeza,NA,NA,NA,NA,NA,NA,NA,NA,NA,NA,2024-01-10T00:00:00Z,10,,Voluntarios,NA,NA,NA,NA,NA,42.210533600000005,-8.77617730373661
2024-01-10T01:43:25Z,"Praia de Samil, Vigo",Convocatoria de xornada de limpeza,NA,NA,NA,NA,NA,NA,NA,NA,NA,NA,2024-01-10T00:00:00Z,15,,Voluntarios,NA,NA,NA,NA,"Empezamos na desembocadura do Lagares e imos percorrendo a praia dirección á dos Olmos na procura de pellets, ata chegar a esta última.",42.210533600000005,-8.77617730373661
2024-01-10T01:16:59Z,"Praia de Doniños, Ferrol",Convocatoria de xornada de limpeza,NA,NA,NA,NA,NA,NA,NA,NA,NA,NA,2024-01-10T00:00:00Z,11,,--,NA,NA,NA,NA,NA,43.49581515,-8.31745859239686
2024-01-10T01:23:37Z,"Praia de Samil, Vigo",Convocatoria de xornada de limpeza,NA,NA,NA,NA,NA,NA,NA,NA,NA,NA,2024-01-10T00:00:00Z,15,,Voluntarios,NA,NA,NA,NA,NA,42.210533600000005,-8.77617730373661
2024-01-10T01:29:06Z,"Praia de Cabeiro, Porto do Son",Convocatoria de xornada de limpeza,NA,NA,NA,NA,NA,NA,NA,NA,NA,NA,2024-01-10T00:00:00Z,15,,Voluntarios,NA,NA,NA,NA,NA,42.7357443,-8.991352204678773
2024-01-10T01:30:37Z,"Praia Mexilloeira, O Grove",Convocatoria de xornada de limpeza,NA,NA,NA,NA,NA,NA,NA,NA,NA,NA,2024-01-10T00:00:00Z,16,,Voluntarios,NA,NA,NA,NA,NA,42.4693872,-8.8949654
2024-01-10T01:32:22Z,"Praia de Baleeiros, Corrubedo",Convocatoria de xornada de limpeza,NA,NA,NA,NA,NA,NA,NA,NA,NA,NA,2024-01-10T00:00:00Z,16,,Voluntarios,NA,NA,NA,NA,NA,42.577848700000004,-9.081623535741544
2024-01-10T01:37:33Z,"Praia de Boa Grande, Noia",Convocatoria de xornada de limpeza,NA,NA,NA,NA,NA,NA,NA,NA,NA,NA,2024-01-10T00:00:00Z,11,,Voluntarios,NA,NA,NA,NA,NA,-23.7058434,-46.5968837
2024-01-10T01:39:29Z,"Praia de Samil, Vigo",Convocatoria de xornada de limpeza,NA,NA,NA,NA,NA,NA,NA,NA,NA,NA,2024-01-10T00:00:00Z,10,,Voluntarios,NA,NA,NA,NA,NA,42.210533600000005,-8.77617730373661
2024-01-10T01:43:25Z,"Complexo Deportivo de Samil, Vigo",Convocatoria de xornada de limpeza,NA,NA,NA,NA,NA,NA,NA,NA,NA,NA,2024-01-10T00:00:00Z,15,,Voluntarios,NA,NA,NA,NA,"Empezamos na desembocadura do Lagares e imos percorrendo a praia dirección á dos Olmos na procura de pellets, ata chegar a esta última.",42.1964491,-8.7117809
2024-01-10T08:30:00Z,"Praia de Broña, Outes",Hai pellets na praia,Si,NA,"Area, Entre as algas",Persoas voluntarias,"A man, un a un",Non hai contedores específicos,Non,"Hai moitos, a plaia é moi grande e a densidade é moi pequena. Recollemos unha pequena parte. Un kilo",Outes,https://drive.google.com/open?id=1klJNwZ0knS0CarRwECzscDUiNT__T06Q,NA,NA,,NA,NA,NA,NA,Non,NA,42.80132515,-8.928174506184206
2024-01-10T10:21:43Z,"Praia de Silgar, Sanxenxo",Xa non hai (a praia quedaba limpa cando se encheu o formulario),Non teño certeza,"https://www.google.com/maps/place/Silgar/@42.4004526,-8.815963,15.75z/data=!4m6!3m5!1s0xd2f683634a30c39:0x969dc9b94c10baab!8m2!3d42.4008939!4d-8.8119874!16s%2Fg%2F1228rq9p?entry=ttu",Area,persoal de emergencia e ayuntamiento,escoba e recolledor,Non hai contedores específicos,Non,poucos,sanxenxo,https://drive.google.com/open?id=111dvT8eRLHNkDZ6JerGp1M9HKs7rlCv6,NA,NA,,NA,NA,NA,NA,Non,imaxe da pagina do concello,42.4004526,-8.815963
2024-01-10T10:23:39Z,"Praya de Espiñeiro, Mera",Hai pellets na praia,Si,https://maps.app.goo.gl/9SJeTyRrJSuFzr6Y7,"Area, Rochas, Entre as algas",Persoas voluntarias,colador y botes con agua,Non hai contedores específicos,Non,recogimos tres bolsas de basura entremexclada con algas,Mera,https://drive.google.com/open?id=1dIb-JwspjeBpboy3sbjS27vFXUWO4h0H,NA,NA,,NA,NA,NA,NA,Si,"hicimos una limpieza el domingo 7 por la tarde, pero la arena ya estaba bastante movida por wl pAWO SW PWEAONa",46.8152527,23.454047
2024-01-10T11:45:48Z,Praia de Campelo. Concello de Valdoviño,Hai pellets na praia,Si,NA,"Area, Rochas, Entre as algas, Na auga","Persoas voluntarias, Protección Civil",O Concello dá kits de limpeza ás persoas voluntarias e o persoal do Concello leva tamén unha aspiradora especial,NA,Non,NA,Valdoviño,https://drive.google.com/open?id=1dnfJacm3AN2rcoRJ0wEmolkCrrYc_3Yj,NA,NA,,NA,NA,NA,NA,Non,NA,NA,NA
2024-01-10T11:52:01Z,"Praia de Queiruga, Porto do Son",Hai pellets na praia,Si,NA,"Area, Entre as algas","Persoas voluntarias, Outro persoal da admistración",NA,Estaos levando Ardentia Marine (Empresa portuguesa),Non,"Non hai sacos. Están moi espallados nalgunhas zonas, na liña da marea vense bastante ben baixo as algas. Recollimos 1 bolsa enteira.",Porto do Son,"https://drive.google.com/open?id=16Vp4aLI0Ts5KPYZGMuMtnaFafp7gI3CD, https://drive.google.com/open?id=1w1iRvHpM9odGoEgQ18jw7LtCNCOZuPxU",NA,NA,,NA,NA,NA,NA,Non,NA,42.675955200000004,-9.030806376224664
2024-01-10T12:17:38Z,"Portomaior, Bueu",Non hai pellets na praia,NA,NA,NA,NA,NA,Non hai contedores específicos,NA,NA,NA,NA,NA,NA,,NA,NA,NA,NA,Non,De momento non se ve ningún,42.336456999999996,-8.764747249277061
2024-01-10T12:42:08Z,"Praia San Tome, Praia da Torre de San Sadurniño, Praia da Mouta , Cambados Cambados",Non hai pellets na praia,NA,NA,NA,NA,NA,Non hai contedores específicos,NA,NA,NA,NA,NA,NA,,NA,NA,NA,NA,Non,NA,0.3738464,6.7159873
2024-01-10T12:58:08Z,"Portocubelo, Lira, Carnota",Convocatoria de xornada de limpeza,NA,NA,NA,NA,NA,NA,NA,NA,NA,NA,2024-01-11T00:00:00Z,15,,Javier Boquete,Grupo de Whatsapp Ria Muros-Noia,NA,NA,NA,NA,42.8028859,-9.1369917
2024-01-10T13:20:40Z,Salseiras. A Laracha,Hai pellets na praia,Si,NA,Area,Non hai ninguén,NA,Non hai contedores específicos,Non,NA,A Laracha,https://drive.google.com/open?id=1xerhImjIsoKHV76JSIuKJ_aSoFBim1nU,NA,NA,,NA,NA,NA,NA,Non,NA,43.3163976,-8.609123884522472
2024-01-10T13:49:02Z,"San Vicente de la Barquera, Cantabria",Hai pellets na praia,Non teño certeza,Playa Meron,Area,Tragsa,Mano,Non hai contedores específicos,Non,De momento no hay cantidades grandes,Cantabria,"https://drive.google.com/open?id=1Yp8vn1zkMYRXycJWrUIQrOOylRElhyUe, https://drive.google.com/open?id=1xWC54ElR0-rgqAOeXprYsakHBd_KnfDK, https://drive.google.com/open?id=1tZRY6n6SElQ0BRvD-aPRpr3Bs-hW6fKZ, https://drive.google.com/open?id=1eQWXXRXyR1RItRbgRvk4ZiUvVlNGsy3G",NA,NA,,NA,NA,NA,NA,Non,NA,43.38318,-4.40027
2024-01-10T14:10:42Z,"Preguntoiro, vilagarcía de arousa",Non hai pellets na praia,NA,NA,NA,NA,NA,NA,NA,NA,NA,NA,NA,NA,,NA,NA,NA,NA,Non,NA,42.5866934,-8.790812503838655
2024-01-10T14:12:56Z,"Muelle da aduana, vilanova de arousa",Non hai pellets na praia,NA,NA,NA,NA,NA,NA,NA,NA,NA,NA,NA,NA,,NA,NA,NA,NA,Non,NA,42.7244783,-8.6554002
2024-01-10T14:13:42Z,"Punta de borreiros, vilagarcía de arousa",Non hai pellets na praia,NA,NA,NA,NA,NA,NA,NA,NA,NA,NA,NA,NA,,NA,NA,NA,NA,Non,NA,43.0954557,-9.1937823
2024-01-10T14:21:24Z,"Matadero, A Coruña",Hai pellets na praia,Non teño certeza,https://maps.app.goo.gl/9SMXCnFQYbHiq8ZX8,Area,Non hai ninguén,NA,NA,Non,NA,A Coruña,https://drive.google.com/open?id=1pyvHg9kPhk8s1B2xkwp3mlTYrEDH21Ok,NA,NA,,NA,NA,NA,NA,Non,"Pasoume a información unha rapaza que pasaba por alí apurada, por iso non teño moita información que compartir, mais xa está avisado un grupo de voluntariado para dar traslado ao Concello",43.5409114,-8.132125666601715
