"Marca.temporal","Xeolocalizaci√≥n","Imaxe.dos.pellets.no.lugar.ou.da.xornada.de.limpeza","Informaci√≥n.adicional","Est√°.avisado.o.112.","Quen.est√°.recollendo.os.pellets.","Como.estase.a.recoller.os.pellets.","Onde.se.depositan.os.pellets.","Concello","Atopaches.anim√°is.mortos.","Tipo.de.actualizaci√≥n.que.nos.queres.facer.chegar","Nome.da.praia..Concello","Cantidade.de.pellets","Data","Hora","Lugar.de.encontro","Quen.organiza.a.iniciativa","Ligaz√≥n","Contacto","Cartaz","Por.onde.est√°n.espallados.os.pellets","Hai.sacos.de.pellets.","D√≠a.actualizaci√≥n","temporal","lat","lon"
2024-01-08 15:27:25.372,NA,NA,NA,"Non te√±o certeza","Voluntarios","Con escobas separando por tamizado e flotaci√≥n","Protecci√≥n Civil puso contedores espec√≠ficos","O Grove","Non","Hai pellets na praia","A Barcela, O Grove",NA,NA,NA,NA,NA,NA,NA,NA,NA,NA,"2024-01-08","1899-12-30 14:27:25",42.4770174,-8.925476
2024-01-07 23:10:55.654,"43.717959,-7.809434",NA,NA,"Si","Xente do BNG e pasou protecci√≥n civil","Lucas e bolsas","Non hai contedores espec√≠ficos","Ortigueira",NA,"Hai pellets na praia","A Concha, Ortigueira",NA,NA,NA,NA,NA,NA,NA,NA,NA,NA,"2024-01-07","1899-12-30 22:10:56",43.717959,-7.809434
2024-01-07 18:07:17,"https://maps.app.goo.gl/6oWvMcHqFoZvRpdT6",NA,NA,"Non","Non hai ningu√©n",NA,NA,"Cabanas",NA,"Non hai pellets na praia","A Madalena , Cabanas",NA,NA,NA,NA,NA,NA,NA,NA,NA,NA,"2024-01-07","1899-12-30 17:07:17",43.4191792,-8.1700295
2024-01-09 19:35:46.913,NA,NA,NA,NA,NA,NA,NA,"Nigr√°n",NA,"Convocatoria de xornada de limpeza","A Madorra, Nigr√°n",NA,"2024-01-10",16,"Na mesma praia","Voluntariado de Val Mi√±or","https://chat.whatsapp.com/DxMlgmgoDC0E3cZAcRGc5A?fbclid=IwAR3vyDFVYHQg6XTm2CN9OHkJzXm3UWIy9PBpCJoe9JhuBGHroZIrD5-GHps","https://chat.whatsapp.com/DxMlgmgoDC0E3cZAcRGc5A?fbclid=IwAR3vyDFVYHQg6XTm2CN9OHkJzXm3UWIy9PBpCJoe9JhuBGHroZIrD5-GHps","https://drive.google.com/open?id=1Hcg_tRrjyCtixny_hnP8ATjWt-_8UVQJ",NA,NA,"2024-01-09","1899-12-30 18:35:47",42.1463227,-8.8254752
2024-01-08 21:49:59.044,NA,NA,NA,"Non te√±o certeza","Non hai ningu√©n",NA,NA,"Carballo","Non","Hai pellets na praia","A Pedra do Sal, Carballo",NA,NA,NA,NA,NA,NA,NA,NA,NA,NA,"2024-01-08","1899-12-30 20:49:59",43.3014611,-8.6562461
2024-01-08 18:44:54.314,"https://maps.app.goo.gl/ZVECkcVoqx1Kk4rS9",NA,NA,"Non","Non hai ningu√©n",NA,NA,"Bueu","Non","Non hai pellets na praia","Praia de Agrelo, Bueu",NA,NA,NA,NA,NA,NA,NA,NA,NA,NA,"2024-01-08","1899-12-30 17:44:54",42.33399595,-8.76938033106379
2024-01-07 22:29:21.736,"42,3757941, -8,7305357",NA,NA,"Non",NA,NA,NA,"Mar√≠n",NA,"Non hai pellets na praia","Aguete",NA,NA,NA,NA,NA,NA,NA,NA,NA,NA,"2024-01-07","1899-12-30 21:29:22",42,3757941
2024-01-09 14:10:27.681,"42,7417844, -8,9758532","https://drive.google.com/open?id=11CljMo6mJRLNFiPOTkJ_i8P9ILjAEXVm, https://drive.google.com/open?id=17QgiYmUqocT3IW26agvj0ojAa9hcMLOH",NA,"Non te√±o certeza","Persoas voluntarias","Con peneiras e bolsas.","Non hai contedores espec√≠ficos","Porto do Son","Non","Hai pellets na praia","Aguieira, Porto do Son","Foi o domingo pola tarde cando os vimos. Hab√≠a 8 persoas recollendo. Non eran moito, non se encheu nin unha bolsa entre todos.",NA,NA,NA,NA,NA,NA,NA,NA,NA,"2024-01-09","1899-12-30 13:10:28",42,7417844
2024-01-07 18:56:47,NA,"https://drive.google.com/open?id=1s7-QQIi1ModrwFGYkSy6sMxbVIBw1c9F, https://drive.google.com/open?id=1im0xrzYCEJ4QreZSd0EghcZnE6S2P70S","Est√°n moi dispersos, encontranse sobre todo na linea das algas","Non","Voluntarios","Con capacho con agua e coador",NA,"Porto do Son",NA,"Hai pellets na praia","Aguieira, Porto do Son",NA,NA,NA,NA,NA,NA,NA,NA,NA,NA,"2024-01-07","1899-12-30 17:56:47",42.7363584,-8.9772967
2024-01-07 19:06:19,"https://www.google.com/maps/place/Praia+de+Ameixenda/@42.9308634,-9.1705578,17z/data=!3m1!4b1!4m6!3m5!1s0xd2ed376a9d94aab:0xb361b66b438eea04!8m2!3d42.9308634!4d-9.1705578!16s%2Fg%2F11h4g715w_?hl=es-ES&entry=ttu","https://drive.google.com/open?id=14OtKlIyEJDqi6aXQELhuUzH08tL_U0VS",NA,"Si","Voluntarios",NA,NA,"Cee",NA,"Hai pellets na praia","Praia de Ameixenda, Cee",NA,NA,NA,NA,NA,NA,NA,NA,NA,NA,"2024-01-07","1899-12-30 18:06:19",42.9308634,-9.1705578
2024-01-09 20:06:18.727,NA,NA,"M√°s informaci√≥n en nuestro instagram: @plasticfreewave_ong",NA,NA,NA,NA,"Muros",NA,"Convocatoria de xornada de limpeza","Praia Ancoradoiro, Muros",NA,"2024-01-10",15,"Playa de Ancoradoiro","PlasticFREEwave",NA,"Natalia",NA,NA,NA,"2024-01-09","1899-12-30 19:06:19",42.7561669,-9.11184922915151
2024-01-08 12:14:45.725,"42.523119,-9.042069","https://drive.google.com/open?id=1mNFukS1b-wNJT62FmA1BOPz3DOR8rRUZ, https://drive.google.com/open?id=1JTWEsE983DMfxQ9NhP6-sBJ-wSDl5SgH, https://drive.google.com/open?id=1VXjwyOghYkxqw55gO2pEndiOYn_x5NzF, https://drive.google.com/open?id=1HtzaqqTrwy5CCd3M32bsWv1ZVJUFR3MO","Fomos onte duas persoas, pero ainda quedaba mais por recoller","Non","Voluntarios","con cepillo e recolledor, e botandoos na agua e peneirando con coladores","O Concello puso contedores espec√≠ficos","Ribeira",NA,"Hai pellets na praia","Area basta, Ribeira",NA,NA,NA,NA,NA,NA,NA,NA,NA,NA,"2024-01-08","1899-12-30 11:14:46",42.523119,-9.042069
2024-01-08 12:14:45.725,"42.523119,-9.042069","https://drive.google.com/open?id=1mNFukS1b-wNJT62FmA1BOPz3DOR8rRUZ, https://drive.google.com/open?id=1JTWEsE983DMfxQ9NhP6-sBJ-wSDl5SgH, https://drive.google.com/open?id=1VXjwyOghYkxqw55gO2pEndiOYn_x5NzF, https://drive.google.com/open?id=1HtzaqqTrwy5CCd3M32bsWv1ZVJUFR3MO","Fomos onte duas persoas, pero ainda quedaba mais por recoller","Non","Voluntarios","con cepillo e recolledor, e botandoos na agua e peneirando con coladores","O Concello puso contedores espec√≠ficos","Ribeira",NA,"Hai pellets na praia","Area basta, Ribeira",NA,NA,NA,NA,NA,NA,NA,NA,NA,NA,"2024-01-08","1899-12-30 11:14:46",42.523119,-9.042069
2024-01-08 21:28:34.817,NA,NA,NA,NA,NA,NA,NA,"Illa de Arousa","Non","Non hai pellets na praia","Area da Secada A Illa de Arousa",NA,NA,NA,NA,NA,NA,NA,NA,NA,NA,"2024-01-08","1899-12-30 20:28:35",42.5680067,-8.8864979226378
2024-01-07 22:59:49.599,"42¬∫ 34' 4,062"" N 8¬∫ 53' 13,859"" W",NA,NA,"Si","Voluntarios","coadores","Non hai contedores espec√≠ficos","Illa de Arousa",NA,"Non hai pellets na praia","Area da Secada, Illa de Arousa",NA,NA,NA,NA,NA,NA,NA,NA,NA,NA,"2024-01-07","1899-12-30 21:59:50",42,NA
2024-01-09 15:36:07.644,NA,"https://drive.google.com/open?id=1UPjS5xdTCvfiPYJDIHBCRcAfW_YefBPR",NA,"Non te√±o certeza","Non hai ningu√©n",NA,"Non hai contedores espec√≠ficos","A Guarda","Non","Hai pellets na praia","Area Grande, A Guarda","Non se atooan mojitos todav√≠a. E son dif√≠ciles de ver por como √© a √°rea. Pero eu saquei uns 20 en dous m√©tros cadrados",NA,NA,NA,NA,NA,NA,NA,"Area, Entre as algas",NA,"2024-01-09","1899-12-30 14:36:08",41.91007745,-8.8764567641016
2024-01-07 19:47:38,NA,NA,"Retiramos aproximadamente 3 kg","Non","Voluntarios","M√©todo de flotaci√≥n",NA,"O Grove",NA,"Xa non hai (a praia quedaba limpa cando se cubriu o formulario)","Area Grande, O Grove",NA,NA,NA,NA,NA,NA,NA,NA,NA,NA,"2024-01-07","1899-12-30 18:47:38",41.91007745,-8.8764567641016
2024-01-07 23:52:28.625,"42¬∞28'37.8""N 8¬∞55'15.3""W","https://drive.google.com/open?id=1ttTR-1skBhxO-_ah8we9VUZfwm4Eomn1",NA,"Si","Voluntarios","Coadores, escobas, filtrados","Protecci√≥n civil ven buscalos","O Grove",NA,"Xa non hai (a praia quedaba limpa cando se cubriu o formulario)","Area Grande, O Grove",NA,NA,NA,NA,NA,NA,NA,NA,NA,NA,"2024-01-07","1899-12-30 22:52:29",42,28
2024-01-08 15:25:32.618,NA,NA,NA,"Non te√±o certeza","Voluntarios","Con escobas, separando por tamizado e por flotaci√≥n","Protecci√≥n Civil puso contedores espec√≠ficos","O Grove","Non","Hai pellets na praia","Area Grande, O Grove",NA,NA,NA,NA,NA,NA,NA,NA,NA,NA,"2024-01-08","1899-12-30 14:25:33",41.91007745,-8.8764567641016
2024-01-08 18:03:09.676,"Arealonga(Barreiros,Lugo)",NA,"Non hai moita cantidade(tendo en conta outros residuos pl√°sticos), pero si se ven na li√±a da baixada da marea","Non te√±o certeza","Non hai ningu√©n","A man","Non hai contedores espec√≠ficos","Barreiros","Non","Hai pellets na praia","Arealonga, Barreiros",NA,NA,NA,NA,NA,NA,NA,NA,NA,NA,"2024-01-08","1899-12-30 17:03:10",43.5581218,-7.1799608
2024-01-08 02:03:19.142,"https://maps.app.goo.gl/LNZqN7eJqkAxQhKz6",NA,NA,"Non","Voluntarios, Non sei quen son","Recollidas descoordinadas",NA,"Porto do Son",NA,"Hai pellets na praia","Areas Longas, Porto do Son",NA,NA,NA,NA,NA,NA,NA,NA,NA,NA,"2024-01-08","1899-12-30 01:03:19",42.63314595,-9.04226349024283
2024-01-08 12:14:00.34,"https://www.google.com/maps/place/Praia+da+Lagoa/@42.6304743,-9.0450725,17z/data=!4m13!1m7!3m6!1s0xd2f3050ca159383:0xb10522ac34781375!2sPraia+de+Areas+Longas!8m2!3d42.6302362!4d-9.0443251!16s%2Fg%2F11zlrkgmm!3m4!1s0xd2f305af6289d2d:0x9b7955e233cc2223!8m2!3d42.6305621!4d-9.0441949?entry=ttu",NA,NA,"Non","Voluntarios","con la tecnica de flotacion","Non hai contedores espec√≠ficos","Porto do Son",NA,"Hai pellets na praia","Areas Longas, Porto do Son",NA,NA,NA,NA,NA,NA,NA,NA,NA,NA,"2024-01-08","1899-12-30 11:14:00",42.6304743,-9.0450725
2024-01-08 12:14:00.34,"https://www.google.com/maps/place/Praia+da+Lagoa/@42.6304743,-9.0450725,17z/data=!4m13!1m7!3m6!1s0xd2f3050ca159383:0xb10522ac34781375!2sPraia+de+Areas+Longas!8m2!3d42.6302362!4d-9.0443251!16s%2Fg%2F11zlrkgmm!3m4!1s0xd2f305af6289d2d:0x9b7955e233cc2223!8m2!3d42.6305621!4d-9.0441949?entry=ttu",NA,NA,"Non","Voluntarios","con la tecnica de flotacion","Non hai contedores espec√≠ficos","Porto do Son",NA,"Hai pellets na praia","Areas Longas, Porto do Son",NA,NA,NA,NA,NA,NA,NA,NA,NA,NA,"2024-01-08","1899-12-30 11:14:00",42.6304743,-9.0450725
2024-01-09 16:05:41.102,NA,"https://drive.google.com/open?id=1nTzyjKoXviZm4B-lFu5rAyJa-WWrhLzf",NA,"Si","Non hai ningu√©n",NA,"Non hai contedores espec√≠ficos","Laxe","Non","Hai pellets na praia","Arnado, Laxe","Pellets moi dispersos na area",NA,NA,NA,NA,NA,NA,NA,"Area",NA,"2024-01-09","1899-12-30 15:05:41",43.2061348,-9.032246
2024-01-08 01:56:32.763,"https://maps.app.goo.gl/cUfD1441KuDGewzk6",NA,NA,"Non","Voluntarios, Non sei quen son","Recollidas descoordinadas",NA,"Porto do Son",NA,"Hai pellets na praia","Praia As Furnas, Porto do Son",NA,NA,NA,NA,NA,NA,NA,NA,NA,NA,"2024-01-08","1899-12-30 00:56:33",1441,NA
2024-01-08 12:53:25.185,"https://maps.app.goo.gl/1zFFpcW6pGFT85Nw5",NA,NA,"Non","Voluntarios","Con colador, pala ou mans e capacho con auga","Non hai contedores espec√≠ficos","Porto do Son",NA,"Hai pellets na praia","Praia As Furnas, Porto do Son",NA,NA,NA,NA,NA,NA,NA,NA,NA,NA,"2024-01-08","1899-12-30 11:53:25",85,NA
2024-01-07 19:48:11,"43¬∞23‚Ä≤01‚Ä≥N 8¬∞24‚Ä≤21‚Ä≥OÔªø / Ôªø43.383636111111, -8.4058638888889","https://drive.google.com/open?id=1XiLNUklKlw23e8Sx3UvGWlJTqcUIrq2v, https://drive.google.com/open?id=1KYTYjPfOur62rdvxx2jqgpy2C1fXmlkD",NA,"Si","Voluntarios","Coas mans e con capachos",NA,"A Coru√±a",NA,"Hai pellets na praia","Praia de As Lapas, A Coru√±a",NA,NA,NA,NA,NA,NA,NA,NA,NA,NA,"2024-01-07","1899-12-30 18:48:11",43,23
2024-01-07 19:47:02,NA,NA,NA,"Si","Voluntarios","Barrendo, cribando e logo flotando",NA,"O Grove",NA,"Xa non hai (a praia quedaba limpa cando se cubriu o formulario)","As Pipas. O grove",NA,NA,NA,NA,NA,NA,NA,NA,NA,NA,"2024-01-07","1899-12-30 18:47:02",NA,NA
2024-01-08 18:48:12.003,"https://maps.app.goo.gl/FtXjhe8o6jrX71gq9",NA,NA,"Non","Non hai ningu√©n",NA,NA,"Bueu","Non","Non hai pellets na praia","Praya Banda do Rio, Bueu",NA,NA,NA,NA,NA,NA,NA,NA,NA,NA,"2024-01-08","1899-12-30 17:48:12",71,NA
2024-01-08 14:16:01.503,NA,NA,NA,NA,NA,NA,NA,"Boiro",NA,"Non hai pellets na praia","Barra√±a, Boiro.",NA,NA,NA,NA,NA,NA,NA,NA,NA,NA,"2024-01-08","1899-12-30 13:16:02",42.63874905,-8.87941812429573
2024-01-09 09:20:38.935,NA,NA,NA,NA,NA,NA,NA,"A Coru√±a",NA,"Convocatoria de xornada de limpeza","Praia de Barra√±an, A Coru√±a",NA,"2024-01-09",15,"Caseta de la Cruz Roja","Voluntarios",NA,NA,NA,NA,NA,"2024-01-09","1899-12-30 08:20:39",43.3108864,-8.55456591547112
2024-01-09 14:56:34.247,NA,"https://drive.google.com/open?id=1HXiJcHzP2W0aIngdwIHr5hpGwoVENfpZ",NA,"Si","Non hai ningu√©n",NA,"Non hai contedores espec√≠ficos","Arteixo","Non","Hai pellets na praia","Barra√±√°n, Arteixo","Na zona de algas na area",NA,NA,NA,NA,NA,NA,NA,NA,NA,"2024-01-09","1899-12-30 13:56:34",43.303615,-8.5423431
2024-01-08 13:55:45.418,NA,NA,NA,"Si","Fun eu soa onte",NA,"Non hai contedores espec√≠ficos","Arteixo",NA,"Hai pellets na praia","Barra√±√°n, Arteixo",NA,NA,NA,NA,NA,NA,NA,NA,NA,NA,"2024-01-08","1899-12-30 12:55:45",43.303615,-8.5423431
2024-01-09 19:35:56.543,"42,5820294, -9,0784122","https://drive.google.com/open?id=1s2YhZcchoYRVSVzVHMW-uxUZ-L_qad5D, https://drive.google.com/open?id=1oynvwHrjh0jHNIiFi6GK7fLY7kFVaR79, https://drive.google.com/open?id=1vjyqPwxs7j-1edukueAWzQgMlnk--EaV, https://drive.google.com/open?id=1h8JDSAQADBKJyxGLi7RZ6IEpSFXMvEqf","Isto corresponde ao domingo 7 de xaneiro. Acabo de ver que non aparecia en ningun mapa a notificaci√≥n desta praia","Non","Persoas voluntarias","A man, con coladores e metendo a area en capachos de auga para recoller os pellets","Non hai contedores espec√≠ficos","Ribeira","Non","Hai pellets na praia","Praia das Barreiras, Ribeira Corrubedo","4 persoas durante todo o d√≠a recollemos entre 3 e 4 kg.",NA,NA,NA,NA,NA,NA,NA,"Area","Non","2024-01-09","1899-12-30 18:35:57",42,5820294
2024-01-08 18:49:59.748,"42.624236,-9.049125","https://drive.google.com/open?id=1h2RiGChjX31gKN5OskdmOI_vIlW1ZqaO","El d√≠a 6 hab√≠a muchos mas","Non","Voluntarios",NA,"Non hai contedores espec√≠ficos","Porto do Son","Afectados pero non mortos","Hai pellets na praia","Praia de Baso√±as, Porto do Son",NA,NA,NA,NA,NA,NA,NA,NA,NA,NA,"2024-01-08","1899-12-30 17:50:00",42.624236,-9.049125
2024-01-08 18:49:10.907,"https://maps.app.goo.gl/t4RT8GKNx3RT6hg76",NA,NA,"Non","Non hai ningu√©n",NA,NA,"Bueu","Non","Non hai pellets na praia","Praia de Beluso, Bueu",NA,NA,NA,NA,NA,NA,NA,NA,NA,NA,"2024-01-08","1899-12-30 17:49:11",76,NA
2024-01-09 19:37:25.915,NA,"https://drive.google.com/open?id=1xCmjw-jzDJ7iwDJHFOY9QUncM0wTYBp2","Obsevanse xa parcialmente soterradas entre a vexetaci√≥n","Non","Persoas voluntarias","Directamente","Non hai contedores espec√≠ficos, En bolsa pl√°stica levados","Ortigueira","Non","Hai pellets na praia","Praia do Bimbieiro Celtigos Otigueira","Recolleuse apenas un par de pu√±ados hai certa cantidade espallados",NA,NA,NA,NA,NA,NA,NA,"Area, Rochas, Entre as algas, Restos vexetais na entrada da praia","Non","2024-01-09","1899-12-30 18:37:26",NA,NA
2024-01-09 09:21:43.904,NA,NA,NA,NA,NA,NA,NA,"Noia",NA,"Convocatoria de xornada de limpeza","Praia de Boa Grande, Noia",NA,"2024-01-09",10,"https://maps.app.goo.gl/cbk75CmhoacfVwKN7","Voluntarios",NA,NA,NA,NA,NA,"2024-01-09","1899-12-30 08:21:44",-23.7058434,-46.5968837
2024-01-09 10:53:10.433,NA,NA,NA,NA,NA,NA,NA,NA,"Non","Non hai pellets na praia","Praia Boa, Noia",NA,NA,NA,NA,NA,NA,NA,NA,NA,NA,"2024-01-09","1899-12-30 09:53:10",42.77886845,-8.93145197385348
2024-01-09 18:42:55.837,NA,NA,NA,NA,NA,NA,NA,NA,"Non","Non hai pellets na praia","BOIRO",NA,NA,NA,NA,NA,NA,NA,NA,NA,NA,"2024-01-09","1899-12-30 17:42:56",42.6823024,-8.8909873
2024-01-08 18:47:18.826,"https://maps.app.goo.gl/W1HVLJ1hgJtSMcwB7",NA,NA,"Non","Non hai ningu√©n",NA,NA,"Bueu","Non","Non hai pellets na praia","Praia de Bueu, Bueu",NA,NA,NA,NA,NA,NA,NA,NA,NA,NA,"2024-01-08","1899-12-30 17:47:19",42.37068755,-8.93825526246466
2024-01-07 19:43:31,NA,NA,NA,"Non","Non hai ningu√©n",NA,NA,"Muros",NA,"Non hai pellets na praia","Cabanas",NA,NA,NA,NA,NA,NA,NA,NA,NA,NA,"2024-01-07","1899-12-30 18:43:31",44.1855114,2.3050878
2024-01-07 19:43:03,"42.735080571968076, -8.992122445898211",NA,NA,"Non","Voluntarios","Empezaremos ma√±√° cos m√©todos divulgados nas redes: cepillo e recolledor, capachos con auga e coadores para separar os pellets",NA,"Porto do Son",NA,"Hai pellets na praia","Praia de Cabeiro, Porto do Son",NA,NA,NA,NA,NA,NA,NA,NA,NA,NA,"2024-01-07","1899-12-30 18:43:03",42.7350805719681,-8.99212244589821
2024-01-08 14:25:30.483,"https://maps.app.goo.gl/MvCzakkLyX1mUCmJ6?g_st=ic","https://drive.google.com/open?id=1MinSCC4ZFN9eNfoqWO8lQ-beEXGOlVZF",NA,"Non te√±o certeza","Voluntarios",NA,NA,"A Laracha","Non","Hai pellets na praia","Praia de Cai√≥n, Laracha",NA,NA,NA,NA,NA,NA,NA,NA,NA,NA,"2024-01-08","1899-12-30 13:25:30",43.3202392,-8.60734153908406
2024-01-09 10:12:17.743,NA,"https://drive.google.com/open?id=1aixWr55O2LSkpom4f0oQCCX-MnQVc8JM, https://drive.google.com/open?id=1mpkUq1ex6UWZcKrvGh87UFzwk_VBpMtI, https://drive.google.com/open?id=1aNN0ISzORXF_1zhk161zS8XqfW7HgPpt","O animal morto era unha gaviota","Non te√±o certeza","Eu","Con Luvas e intentando con un tamiz",NA,"Arteixo","Si","Hai pellets na praia","Praia de Cai√≥n, Laracha","Moi pouco mais ben recolleuse plastico",NA,NA,NA,NA,NA,NA,NA,NA,NA,"2024-01-09","1899-12-30 09:12:18",43.3202392,-8.60734153908406
2024-01-07 22:17:52.165,NA,NA,NA,"Non",NA,NA,"Non hai contedores espec√≠ficos","Ferrol",NA,"Non hai pellets na praia","Cala de O Porto, Cobas Ferrol",NA,NA,NA,NA,NA,NA,NA,NA,NA,NA,"2024-01-07","1899-12-30 21:17:52",18.5572951,-72.2914496
2024-01-07 19:52:35,"https://maps.app.goo.gl/wRoEm7pYXoVf5mQR6","https://drive.google.com/open?id=1Fb8-DmGCNmfEKb9BajnSHuVqqMQ_7oFs, https://drive.google.com/open?id=1J3wmJjLSDVemvOZIsp37DltMmQslPo9g","Est√°n bastante dispersas e non se ven con facilidade. At√≥panse sobre todo nas li√±as que deixa a marea ao baixar, nas algas","Non","Non hai ningu√©n","√Å man os que vimos. Non estabamos preparados",NA,"Carnota",NA,"Hai pellets na praia","Caldebarcos",NA,NA,NA,NA,NA,NA,NA,NA,NA,NA,"2024-01-07","1899-12-30 18:52:35",42.8520929,-9.1214521
2024-01-08 15:22:41.494,NA,NA,NA,NA,NA,NA,NA,"Vigo","Non","Non hai pellets na praia","Calzoa, Vigo",NA,NA,NA,NA,NA,NA,NA,NA,NA,NA,"2024-01-08","1899-12-30 14:22:41",42.20315635,-8.78165266376134
2024-01-08 21:42:23.445,NA,NA,"Hay poco y disperso","Non te√±o certeza","Voluntarios","Guantes, bolsas pl√°sticas, tamizando la arena","Non hai contedores espec√≠ficos, Non o tirei ainda","Vigo","Non","Hai pellets na praia","Calzoa, Vigo",NA,NA,NA,NA,NA,NA,NA,NA,NA,NA,"2024-01-08","1899-12-30 20:42:23",42.20315635,-8.78165266376134
2024-01-07 23:30:08.462,"Coordenadas:  43¬∞34'59.03""N   8¬∞12'51.63""W",NA,NA,"Non","Voluntarios","a recollida e manual con peneira e cernidores","O Concello puso contedores espec√≠ficos","Valdovi√±o",NA,"Hai pellets na praia","Praia de Campelo Concello de  Valdovi√±o",NA,NA,NA,NA,NA,NA,NA,NA,NA,NA,"2024-01-07","1899-12-30 22:30:08",NA,43
2024-01-07 18:46:44,NA,"https://drive.google.com/open?id=1RfC5uDViNf15Yihb-aWN9Hj85Y0Oo9o7",NA,"Si","Voluntarios","Con luvas e pinzas entre as algas",NA,"Vigo",NA,"Hai pellets na praia","Canido, Vigo",NA,NA,NA,NA,NA,NA,NA,NA,NA,NA,"2024-01-07","1899-12-30 17:46:44",42.1386753,-8.8123549
2024-01-09 15:51:03.182,NA,"https://drive.google.com/open?id=1xRccX19QUhTmgEBKmjIpW7L4ls_v8Yvl",NA,"Non","Persoas voluntarias","Capacho con agua y filtraci√≥n dos pellets.","Non hai contedores espec√≠ficos","Adem√°s de pellets el estado de la.playa es lamentable llena de pl√°sticos por todos lados e microplasticos.","Si","Hai pellets na praia","Cari√±o, Ferrol.","Pellets e millones de micro pl√°sticos.",NA,NA,NA,NA,NA,NA,NA,"Rochas",NA,"2024-01-09","1899-12-30 14:51:03",43.4716032,-8.3164268
2024-01-09 16:44:40.659,NA,NA,NA,NA,NA,NA,NA,NA,"Non","Non hai pellets na praia","Praia do Castelete, Vilagarc√≠a",NA,NA,NA,NA,NA,NA,NA,NA,NA,NA,"2024-01-09","1899-12-30 15:44:41",42.54688175,-8.83202489788442
2024-01-07 20:07:49,"(42.4711884, -8.9358325)",NA,NA,"Non","Voluntarios","Cas mans",NA,"O Grove",NA,"Hai pellets na praia","Casti√±eiras o grove",NA,NA,NA,NA,NA,NA,NA,NA,NA,NA,"2024-01-07","1899-12-30 19:07:49",42.4711884,-8.9358325
2024-01-07 19:50:43,NA,"https://drive.google.com/open?id=1QY1y6CMkt5VtmJOkBmjc0vJ4DypMiipG",NA,"Non","Voluntarios",NA,NA,"Porto do Son",NA,"Hai pellets na praia","Castro de Baro√±a, Porto do Son",NA,NA,NA,NA,NA,NA,NA,NA,NA,NA,"2024-01-07","1899-12-30 18:50:43",42.6947374,-9.0320783
2024-01-09 12:52:06.99,NA,NA,"Revisada zona da Punta e zona do Muelle",NA,NA,NA,NA,NA,"Non","Non hai pellets na praia","Praia de Cesantes. Redondela",NA,NA,NA,NA,NA,NA,NA,NA,NA,NA,"2024-01-09","1899-12-30 11:52:07",42.2952565,-8.61491340837749
2024-01-07 22:41:31.396,"43,44566¬∞ N, 8,30260¬∞ O",NA,"Atopamos dous sacos de pellets e un delfin morto","Si","Os meus amigos e eu","Coladores","Non hai contedores espec√≠ficos, Os deixamos na saida da praia","Ares",NA,"Hai pellets na praia","Chanteiro, Ares",NA,NA,NA,NA,NA,NA,NA,NA,NA,NA,"2024-01-07","1899-12-30 21:41:31",43,44566
2024-01-09 20:26:06.351,"https://maps.app.goo.gl/FWi4c3z63jNFhssF6?g_st=ic","https://drive.google.com/open?id=1jDf1viAt9dmDxrDzeYshK7c_wKteBTVl","Apareci√≥ personal de la Xunta para ver la cantidad que hab√≠a y sacaron fotos de lo que recog√≠ para mandarlo a TRAGSA y pedir que fueran a limpiar","Non te√±o certeza","Persoas voluntarias, Alcalde","Voluntarios con colador","Non hai contedores espec√≠ficos","Ares","Non","Hai pellets na praia","Chanteiro, Ares","Se recogi√≥ en 2 horas el fondo (1 dedo aprox) de una bolsa de basura de 30L",NA,NA,NA,NA,NA,NA,NA,"Area, Entre as algas","Non","2024-01-09","1899-12-30 19:26:06",63,NA
2024-01-07 18:08:03,"https://maps.app.goo.gl/WSUdsTeiBRLuWvcx5",NA,NA,"Non","Non hai ningu√©n",NA,NA,"Ares",NA,"Non hai pellets na praia","Chanteiro, Ares",NA,NA,NA,NA,NA,NA,NA,NA,NA,NA,"2024-01-07","1899-12-30 17:08:03",43.4432756,-8.2886084
2024-01-08 01:33:49.731,"Combarro",NA,NA,"Non",NA,NA,NA,"Combarro",NA,"Non hai pellets na praia","Combarro",NA,NA,NA,NA,NA,NA,NA,NA,NA,NA,"2024-01-08","1899-12-30 00:33:50",42.4317048,-8.7051951
2024-01-07 23:08:57.96,"43.312579,-8.543180","https://drive.google.com/open?id=1BfKeo-Je-L7NPUbpPrqYPxjtEmIG633C, https://drive.google.com/open?id=1D3fXPz397W5FqEv-Yv2yeePTFoeZAGSO","Aprovechamos mi mujer y yo para hacer recogida tambi√©n de una bolsa entera de pl√°sticos y basura variada","Si","Voluntarios","Tamizando con unos escurridores y un capacho con agua para separarlos de conchas y otros restos","Non hai contedores espec√≠ficos, Se dejan en bolsa de basura al lado de un saco entero junto al puesto de socorristas","Arteixo",NA,"Hai pellets na praia","Praia de Combouzas, Arteixo",NA,NA,NA,NA,NA,NA,NA,NA,NA,NA,"2024-01-07","1899-12-30 22:08:58",43.312579,-8.54318
2024-01-08 18:57:36.542,NA,NA,"Estiven polo principio (no lado contrario a Carril) da Praia Compostela en Vilagarc√≠a de Arousa e non vin nada, nin na area nin no mar. Non puiden ir moi lonxe por tempo.",NA,NA,NA,NA,"Vilagarc√≠a de Arousa","Non","Non hai pellets na praia","Praia Compostela, Vilagarc√≠a de Arousa",NA,NA,NA,NA,NA,NA,NA,NA,NA,NA,"2024-01-08","1899-12-30 17:57:37",42.6060945,-8.76813823789001
2024-01-08 12:57:38.56,"Diante de restaurante do camping",NA,NA,"Non","Non hai ningu√©n","Estas entre as algas, e hai poucas, e dificil","Non hai contedores espec√≠ficos","Ribeira",NA,"Hai pellets na praia","Coroso, Ribeira",NA,NA,NA,NA,NA,NA,NA,NA,NA,NA,"2024-01-08","1899-12-30 11:57:39",42.5718185,-8.9714743
2024-01-07 19:12:39,"43,5014521, -8,3185873","https://drive.google.com/open?id=1PkhMv1C04s7nOHmb-tDvuUI2onqzYsyY","Avisamos polo grupo que tam√©n hai pellets en Penencia","Si","Voluntarios","A man, bot√°ndoos nun colador e remollando en auga para limpaar a area",NA,"Ferrol",NA,"Hai pellets na praia","Doni√±os, Ferrol",NA,NA,NA,NA,NA,NA,NA,NA,NA,NA,"2024-01-07","1899-12-30 18:12:39",43,5014521
2024-01-07 15:22:31,"Doni√±os outeiro","https://drive.google.com/open?id=1uqYF7KoGNClAdbTUGeEWtdq_3Udll4lO","No hay muchos pelets pero si hay mucha mierda y muchos pl√°sticos. Cosa que el ayuntamiento tendr√≠a que ser el encargado en mantener esto limpio. No hay basura amarilla para depositar los residuos","Si","Voluntarios, Amigos voluntarios minimo hay 15",NA,NA,"Ferrol",NA,"Hai pellets na praia","Doni√±os, Ferrol",NA,NA,NA,NA,NA,NA,NA,NA,NA,NA,"2024-01-07","1899-12-30 14:22:31",43.4896673,-8.2976864
2024-01-07 22:13:20.957,"https://maps.app.goo.gl/SafoaAYwJdh4SKdT9","https://drive.google.com/open?id=10kGYFO7Q8UcUlroyYXi7SC2of90jRqfb","Moitos est√°n misturados coas algas","Si",NA,"Alg√∫ns a man, outroa peneirando","Nos poucos contenedores que hai no parking da praia","Ferrol",NA,"Hai pellets na praia","Doni√±os, Ferrol",NA,NA,NA,NA,NA,NA,NA,NA,NA,NA,"2024-01-07","1899-12-30 21:13:21",43.4896673,-8.2976864
2024-01-09 20:10:23.553,NA,"https://drive.google.com/open?id=1Kl8pwGtyF6B9HersHRu7Hvlt0RIL6CdJ",NA,"Non te√±o certeza","Persoas voluntarias",NA,"Non hai contedores espec√≠ficos","Ferrol","Non","Hai pellets na praia","Doni√±os, Ferrol",NA,NA,NA,NA,NA,NA,NA,NA,"Area, Entre as algas","Non","2024-01-09","1899-12-30 19:10:24",43.4896673,-8.2976864
2024-01-07 22:14:54.077,"https://maps.app.goo.gl/6LpCNWwg84nnmYjp9?g_st=ic",NA,"Preoc√∫pame a zona do ‚ÄúSerrido‚Äù, na seca que mariscan, porque √© unha zona de lodos e non se vai ver a magnitud","Non","Fun comprobar o estado da zona","-","Non co√±ezo o m√©todo de recollida do concello","Cambados",NA,"Non hai pellets na praia","Espi√±eiro, Cambados (O columpio de Cambados en Google Maps)",NA,NA,NA,NA,NA,NA,NA,NA,NA,NA,"2024-01-07","1899-12-30 21:14:54",84,NA
2024-01-07 19:45:18,"42.789797,-8.971501",NA,"Hai 2 gaivotas mortas. Avisamos ao 112. Tam√©n preguntamos onde ti√±amos que tirar os pellets e demais pl√°sticos recollidos e dix√©ronnos que non ti√±an ningunha orde ao respecto.","Si","Voluntarios","Como podemos. Con guantes, coladores e capachos",NA,"Ribadeo",NA,"Hai pellets na praia","Esteiro",NA,NA,NA,NA,NA,NA,NA,NA,NA,NA,"2024-01-07","1899-12-30 18:45:18",42.789797,-8.971501
2024-01-09 17:25:27.372,"LU-P-2610, 54, 27877 Xove, Lugo","https://drive.google.com/open?id=1UP9T2b5501H54cHj6fBpuNhBkh6lNw-e",NA,"Si","Non hai ningu√©n","A mano","Contenedor amarilli","Xove","Non","Hai pellets na praia","Esteiro de Xove","Recog√≠ medio kg, hay bastante...",NA,NA,NA,NA,NA,NA,NA,"Area, Entre as algas",NA,"2024-01-09","1899-12-30 16:25:27",-2610,54
2024-01-08 14:44:56.956,"N 43 44 53 W 7 43 27","https://drive.google.com/open?id=114GPTOAEhiNmIOjJfNNsIRzxkKOD7fZ3, https://drive.google.com/open?id=1_T4WryNRe3QzGUWXBFOyTaXz4lxUPGP2",NA,"Non","Non hai ningu√©n, Dous de gardacostas da Xunta","Seg√∫n vin en Instagram, guantes, colador.","Non hai contedores espec√≠ficos","Ma√±on.","Non","Hai pellets na praia","Playa de Esteiro, O Barqueiro, Ma√±on",NA,NA,NA,NA,NA,NA,NA,NA,NA,NA,"2024-01-08","1899-12-30 13:44:57",NA,43
2024-01-09 23:24:06.696,NA,NA,NA,NA,NA,NA,NA,NA,"Non","Non hai pellets na praia","Ezaro. Dumbria",NA,NA,NA,NA,NA,NA,NA,NA,NA,NA,"2024-01-09","1899-12-30 22:24:07",42.9284723,-9.1178972
2024-01-08 15:52:22.255,"https://g.co/kgs/UaDhTk5",NA,NA,"Si","Non hai ningu√©n, Voluntarios","Peneiras, capachos, escoba, recolledor,","Non hai contedores espec√≠ficos","Porto do Son","Non","Hai pellets na praia","Praia das Furnas- Porto do Son",NA,NA,NA,NA,NA,NA,NA,NA,NA,NA,"2024-01-08","1899-12-30 14:52:22",42.64357425,-9.03853195445652
2024-01-09 11:02:23.265,NA,NA,"Fomos coa marea alta",NA,NA,NA,NA,NA,"Non","Non hai pellets na praia","Praia das Gaivotas, Noia",NA,NA,NA,NA,NA,NA,NA,NA,NA,NA,"2024-01-09","1899-12-30 10:02:23",42.7674554,-8.93966201043716
2024-01-08 13:12:30.55,"https://maps.app.goo.gl/rbLhVo7s6htrT3oR8?g_st=ic",NA,NA,"Non","Voluntarios","A mano, con coladores y mediante decantaci√≥n (con coladores de menos di√°metro) con tina de goma","En bolsas de pl√°stico dentro de una nasa decorativa (y utilitaria) para tirar ‚ÄúPl√°sticos‚Äù","Ribeira",NA,"Hai pellets na praia","Praia Ladeira",NA,NA,NA,NA,NA,NA,NA,NA,NA,NA,"2024-01-08","1899-12-30 12:12:31",7,6
2024-01-07 19:45:31,"42.747600,-8.955800",NA,"d√≠a 6-01-2024 as 17h, pellets dispersos, m√°is acumulados xunta a li√±a da marea. Non hab√≠a moitos. Tampouco hab√≠a colector √° vista.","Si","Voluntarios","con peneiras e tinas",NA,"Porto Son",NA,"Hai pellets na praia","Langa√±o, Porto do Son",NA,NA,NA,NA,NA,NA,NA,NA,NA,NA,"2024-01-07","1899-12-30 18:45:31",42.7476,-8.9558
2024-01-09 21:56:19.615,"42,9190156, -9,2632549","https://drive.google.com/open?id=1zCtz_KxSNBiHO1-dbVqXoRSgta8MpROi",NA,"Si","un particular recolle o saco",NA,"polic√≠a local recolle o saco","Fisterra","Non","Hai pellets na praia","Praia da Langosteira, Fisterra",NA,NA,NA,NA,NA,NA,NA,NA,"Saco","Si","2024-01-09","1899-12-30 20:56:20",42,9190156
2024-01-07 19:38:49,NA,"https://drive.google.com/open?id=1n5PvUC35V3yWSnqDJ8H_rvjiNrOFVNwy","Non vimos pellets a d√≠a 7 de xaneiro na Lanzada, pero hab√≠a varios animais mortos (non sabemos se a causa dos pellets)","Non","Hai voluntarios recollendo lixo","Con coladores e luvas",NA,"O Grove",NA,"Non hai pellets na praia","Lanzad, O Grove",NA,NA,NA,NA,NA,NA,NA,NA,NA,NA,"2024-01-07","1899-12-30 18:38:49",42.4693872,-8.8949654
2024-01-09 13:52:32.041,NA,NA,NA,NA,NA,NA,NA,NA,"Non","Non hai pellets na praia","Praia de Loira, Mar√≠n",NA,NA,NA,NA,NA,NA,NA,NA,NA,NA,"2024-01-09","1899-12-30 12:52:32",42.368497,-8.74006769095308
2024-01-09 22:43:08.656,NA,NA,"Temos indicaci√≥ns do concelleiro de Nigr√°n de deixar os pellets nunha rambla para a s√∫a posterior recollida.",NA,NA,NA,NA,"Nigr√°n",NA,"Convocatoria de xornada de limpeza","Madorra, Nigr√°n",NA,"2024-01-10",16,"Praia da Madorra","Grupo whatsApp PO. Val do Mi√±o",NA,"Pola Comunidade de WhatsApp","https://drive.google.com/open?id=1SCZ8ORIfLYtsi5d4_Y89_gV9Id_g1fk6",NA,NA,"2024-01-09","1899-12-30 21:43:09",42.1458428,-8.82615488288941
2024-01-07 23:20:13.197,"36340 @42.145768,-8.825767","https://drive.google.com/open?id=1iKUeLk9V_Lxe_PKMDl1M_kiqYer0qxck, https://drive.google.com/open?id=1EQ8LT243NosRtBDXQUZtPpCH2_RD6a4h","Os pellets estaban moi dispersos pero por toda a area, moitos enterrados xa que nesa praia o mar sube ata arriba e toda a area estaba mollada polo que quedaban ""incrustados"" nela ou m√°is acumulados onde hab√≠a mont√≠culos de paos e algas, moi dif√≠cil recollelos, o 112 desentendeuse do tema da recollida","Si","Voluntarios","Coas mans un a un nunhas zonas e con capacho e coladores noutras","Non hai contedores espec√≠ficos, Avisamos ao 112, dixeron que cham√°ramos √° polic√≠a local, ao final deixamos os que recollimos n√≥s a unha xente que √≠a quedar al√≠ ata m√°is tarde para deixar todos os residuos xuntos","Nigr√°n",NA,"Hai pellets na praia","Praia da Madorra, Nigr√°n",NA,NA,NA,NA,NA,NA,NA,NA,NA,NA,"2024-01-07","1899-12-30 22:20:13",36340,NA
2024-01-07 23:33:03.489,"https://maps.app.goo.gl/QU87nhPDhW4cdQ5M9",NA,"Pellets dispersos e misturados con algas e outros restos. Dif√≠cil de separar. 8 persoas domingo 7 pola tarde recolleron menos de un kg de pellets. Pouca superficie limpiada ao norte da Praia. Queda moito por limpar","Non","Voluntarios","Coadores, luvas, tinas","Ainda sen depositar","Nigr√°n",NA,"Hai pellets na praia","Praia da Madorra, Nigr√°n",NA,NA,NA,NA,NA,NA,NA,NA,NA,NA,"2024-01-07","1899-12-30 22:33:03",87,NA
2024-01-08 22:38:11.849,NA,"https://drive.google.com/open?id=1kRVR8tVBCSyJuGwVBAqTmrO4p5IxkIar","Hai uns obreiros reparando o paseo da praia e o maniobrar co tractor. Pode dificultar unha limpeza organizada.","Non te√±o certeza","Non hai ningu√©n","A√≠nda hai poucos eca choiva non recoll√≠n ning√∫n polo momento.","Non hai contedores espec√≠ficos","Nigr√°n","Non","Hai pellets na praia","Praia da Madorra, Nigr√°n",NA,NA,NA,NA,NA,NA,NA,NA,NA,NA,"2024-01-08","1899-12-30 21:38:12",42.1458428,-8.82615488288941
2024-01-08 14:15:41.725,NA,NA,NA,NA,NA,NA,NA,"Boiro",NA,"Non hai pellets na praia","Ma√±√≥ns, Boiro",NA,NA,NA,NA,NA,NA,NA,NA,NA,NA,"2024-01-08","1899-12-30 13:15:42",42.6314742,-8.8532281
2024-01-09 21:50:05.862,"(42.8061100, -9.1362584) (42.8054896, -9.1276723)","https://drive.google.com/open?id=1QJejCCUYOGsi_fLkrWTK0e1n5hiY_6SU, https://drive.google.com/open?id=197PZjDQr1ZeO-Wry93nCDqtjIecLHBt0",NA,"Non te√±o certeza","Non sei quen son",NA,"Non hai contedores espec√≠ficos","Carnota","Non","Hai pellets na praia","Mar de lira, portocubelo e o faro de Lira, Carnota",NA,NA,NA,NA,NA,NA,NA,NA,"Area, Na auga","Non","2024-01-09","1899-12-30 20:50:06",42.80611,-9.1362584
2024-01-07 23:05:38.823,"En el Grove","https://drive.google.com/open?id=19rOGMSsXSc9U6_g31eVRvio-gwKcvlnZ, https://drive.google.com/open?id=1AdFmmD_nq4JBp6a7rUdfulluONwQvVUR","En esta playa es muy dif√≠cil la recogida de pellets porque est√° llena de algas donde se enredan y hay much√≠simas piedrecitas peque√±as del tama√±o de los pellets, por lo que son muy dif√≠ciles de diferenciar. La hemos limpiado de lado a lado lo mejor que pudimos pero se nos habr√°n quedado muchos atr√°s.","Si","Voluntarios","Con espumaderas, calderos de agua y palas","Los dejamos en la entrada de la playa en bolsas todas juntas, se quedaba otro grupo un rato m√°s que dijo que llamar√≠a luego al 112 para su recogida","O Grove",NA,"Xa non hai (a praia quedaba limpa cando se cubriu o formulario)","Meixilloeira, O Grove",NA,NA,NA,NA,NA,NA,NA,NA,NA,NA,"2024-01-07","1899-12-30 22:05:39",42.4693872,-8.8949654
2024-01-07 23:49:39.194,"https://maps.app.goo.gl/RQifdVRhFMuCKRbr8?g_st=ic","https://drive.google.com/open?id=1qwvCI5JSXgnuTmq72xaeKSMrZ065p6uD, https://drive.google.com/open?id=1AELqU2VcLxBt05m_ERi5iLVkmdW4UltS",NA,"Si","Voluntarios","Coadores, escobas, peneiras, filtrado de auga","Protecci√≥n civil ven a recollelos","O Grove",NA,"Hai pellets na praia","Meixilloeira, O Grove",NA,NA,NA,NA,NA,NA,NA,NA,NA,NA,"2024-01-07","1899-12-30 22:49:39",42.4693872,-8.8949654
2024-01-08 15:24:48.166,"https://maps.app.goo.gl/Ld8ZK7VmPbh6Wam58",NA,NA,"Si","Voluntarios","Recoller a parte superficial da area e pasar por dous cribados, primeiro nunha peneira para separar as algas, e logo en auga cun colador tipo de freidora volver a separar algas de residuos","Non hai contedores espec√≠ficos","O grove","Non","Hai pellets na praia","Meixilloeira, O Grove",NA,NA,NA,NA,NA,NA,NA,NA,NA,NA,"2024-01-08","1899-12-30 14:24:48",58,NA
2024-01-08 18:32:34.547,"https://maps.app.goo.gl/S3X6sskjqoPyCkN27",NA,NA,"Non te√±o certeza","Non sei quen son",NA,"Non hai contedores espec√≠ficos","Cangas do Morrazo","Non","Hai pellets na praia","Praia de Melide, Donon",NA,NA,NA,NA,NA,NA,NA,NA,NA,NA,"2024-01-08","1899-12-30 17:32:35",27,NA
2024-01-08 16:25:09.238,NA,NA,NA,NA,NA,NA,NA,"Cangas do Morrazo","Non","Non hai pellets na praia","Mendui√±a ,Cangas",NA,NA,NA,NA,NA,NA,NA,NA,NA,NA,"2024-01-08","1899-12-30 15:25:09",42.2970959,-8.8101883
2024-01-07 21:27:36.995,NA,NA,NA,"Non","Voluntarios","Guantes, peneiras, capachos","Non hai contedores espec√≠ficos","Oleiros",NA,"Hai pellets na praia","Mera, Oleiros",NA,NA,NA,NA,NA,NA,NA,NA,NA,NA,"2024-01-07","1899-12-30 20:27:37",43.3795013,-8.3375057
2024-01-07 23:08:43.064,"https://maps.app.goo.gl/gbEHTLzLdFZUwubp8",NA,NA,"Si","Voluntarios","Con luvas e coadores","Non hai contedores espec√≠ficos, Hai un punto marcado polas persoas voluntarias para deixar as bolsas con pellets","Oleiros",NA,"Hai pellets na praia","Mera, Oleiros",NA,NA,NA,NA,NA,NA,NA,NA,NA,NA,"2024-01-07","1899-12-30 22:08:43",43.3795013,-8.3375057
2024-01-09 16:28:58.515,"43.37909, -8.33787","https://drive.google.com/open?id=18-G8LC6qSljGlpQTjnSlEl31dcSaCndg, https://drive.google.com/open?id=1q9ewFitCLFErSUrzVg0tvjGmOMyyYhL8",NA,"Non te√±o certeza","Persoas voluntarias",NA,"Non hai contedores espec√≠ficos","Oleiros","Non","Hai pellets na praia","Mera, Oleiros","Bastantes",NA,NA,NA,NA,NA,NA,NA,"Area",NA,"2024-01-09","1899-12-30 15:28:59",43.37909,-8.33787
2024-01-07 20:20:00,NA,NA,NA,"Non","Non hai ningu√©n",NA,NA,"Mi√±o",NA,"Non hai pellets na praia","Mi√±o",NA,NA,NA,NA,NA,NA,NA,NA,NA,NA,"2024-01-07","1899-12-30 19:20:00",43.3580564,-8.1811287
2024-01-07 20:28:52,"42,3850396, -8,7204566",NA,NA,"Non",NA,NA,NA,"Mar√≠n",NA,"Non hai pellets na praia","Mogor, Mar√≠n",NA,NA,NA,NA,NA,NA,NA,NA,NA,NA,"2024-01-07","1899-12-30 19:28:52",42,3850396
2024-01-07 17:47:53,"Nar√≥n",NA,NA,"Non","Non hai ningu√©n",NA,NA,"Nar√≥n",NA,"Hai pellets na praia","Nar√≥n",NA,NA,NA,NA,NA,NA,NA,NA,NA,NA,"2024-01-07","1899-12-30 16:47:53",43.5010981,-8.1923091
2024-01-07 19:47:13,NA,"https://drive.google.com/open?id=1yOnBPnFmlqgod09VTr2qyJ9TUspDJlV2","No sabemos si se aviso al 112.Otra persona de los voluntarios se encargo de recoger todos os pellets.","Non","Voluntarios, Non sei quen son","Con luvas, Coladores e un cubo  agua.",NA,"Cangas do Morrazo",NA,"Hai pellets na praia","Praia de Nerga, Cangas del Morrazo",NA,NA,NA,NA,NA,NA,NA,NA,NA,NA,"2024-01-07","1899-12-30 18:47:13",42.25744155,-8.83640775792484
2024-01-07 19:50:26,NA,"https://drive.google.com/open?id=11042eX9rs_oR84GUl7J-0TCVLoBeNaHG, https://drive.google.com/open?id=1AUcSAQu3H9J0KdP6Vh1d9eI9AZTIlb98",NA,"Non","Voluntarios","Cubo con agua y colador",NA,"Cangas do Morrazo",NA,"Hai pellets na praia","Praia de Nerga, Cangas del Morrazo",NA,NA,NA,NA,NA,NA,NA,NA,NA,NA,"2024-01-07","1899-12-30 18:50:26",42.25744155,-8.83640775792484
2024-01-07 19:57:45,"https://maps.app.goo.gl/TpjdNnsDZ9ipDCkZ6?g_st=ic",NA,"Hab√≠a poucos pero hai","Non","Voluntarios","Un a un",NA,"Cangas do Morrazo",NA,"Hai pellets na praia","Praia de Nerga, Cangas del Morrazo",NA,NA,NA,NA,NA,NA,NA,NA,NA,NA,"2024-01-07","1899-12-30 18:57:45",42.25744155,-8.83640775792484
2024-01-08 00:24:50.147,"42.258689,-8.837063",NA,NA,"Si","Voluntarios","Coa nos medios","Non hai contedores espec√≠ficos","Cangas do Morrazo",NA,"Hai pellets na praia","Praia de Nerga, Cangas del Morrazo",NA,NA,NA,NA,NA,NA,NA,NA,NA,NA,"2024-01-07","1899-12-30 23:24:50",42.258689,-8.837063
2024-01-07 19:46:52,NA,NA,NA,"Si","Non hai ningu√©n","Collimos √° man e deit√°molo nunha bolsa no contedor amarelo",NA,"A Coru√±a",NA,"Hai pellets na praia","Praia de Orz√°n, A Coru√±a",NA,NA,NA,NA,NA,NA,NA,NA,NA,NA,"2024-01-07","1899-12-30 18:46:52",43.3691443,-8.40910411799806
2024-01-09 09:06:53.395,NA,NA,NA,NA,NA,NA,NA,"Nigr√°n",NA,"Convocatoria de xornada de limpeza","Praia de Patos, Nigr√°n",NA,"2024-01-09",10,"En frente das escolas de surf","Organiza el Concello De Nigr√°n con la colaboraci√≥n de la AEESP (Prado Surf @pointbreakpatos @patossurfclub @dacss.surf @laconserveradelsurf ).","https://www.instagram.com/p/C11fAIEMqZZ/",NA,NA,NA,NA,"2024-01-09","1899-12-30 08:06:53",42.156002,-8.8229602
2024-01-09 20:27:30.793,NA,NA,NA,NA,NA,NA,NA,NA,"Non","Non hai pellets na praia","Praia do Pedrido, Bergondo",NA,NA,NA,NA,NA,NA,NA,NA,NA,NA,"2024-01-09","1899-12-30 19:27:31",43.32845535,-8.2129804936332
2024-01-07 19:51:59,NA,NA,NA,"Non","Voluntarios","Con coladores de cocina, recogiendo todo el pl√°stico en bolsas de basura y depositandolas en los contenedores.",NA,"Ferrol",NA,"Hai pellets na praia","Punta penencia lume boo",NA,NA,NA,NA,NA,NA,NA,NA,NA,NA,"2024-01-07","1899-12-30 18:51:59",NA,NA
2024-01-07 23:16:23.569,"43.375637,-8.215543",NA,NA,"Si","Voluntarios","Cubetas palas e colasdores","Non hai contedores espec√≠ficos","Mi√±o",NA,"Xa non hai (a praia quedaba limpa cando se cubriu o formulario)","Playa de perbes",NA,NA,NA,NA,NA,NA,NA,NA,NA,NA,"2024-01-07","1899-12-30 22:16:24",43.375637,-8.215543
2024-01-08 18:46:09.485,"https://maps.app.goo.gl/zjQeo7nURfhrf3xj9",NA,NA,"Non","Non hai ningu√©n",NA,NA,"Bueu","Non","Non hai pellets na praia","Praia Pescadoira, Bueu",NA,NA,NA,NA,NA,NA,NA,NA,NA,NA,"2024-01-08","1899-12-30 17:46:09",42.3176224,-8.7805301
2024-01-08 20:21:15.724,NA,NA,NA,"Non te√±o certeza","Non hai ningu√©n",NA,NA,"San Vicente de la Barquera","Non","Hai pellets na praia","Playa El Rosal, San Vicente de la Barquera.  Cantabria",NA,NA,NA,NA,NA,NA,NA,NA,NA,NA,"2024-01-08","1899-12-30 19:21:16",43.3915665,-4.38664220124436
2024-01-09 18:47:17.052,"43,5549189, -8,2678751","https://drive.google.com/open?id=1w7U9YIteQCIInZ8MkW_0k4qfkrCheCiC",NA,"Non te√±o certeza","Non hai ningu√©n",NA,NA,"Ferrol","Si","Hai pellets na praia","Ponzos, Ferrol",NA,NA,NA,NA,NA,NA,NA,NA,"Area","Non","2024-01-09","1899-12-30 17:47:17",43,5549189
2024-01-07 20:53:48.518,NA,"https://drive.google.com/open?id=1MQGkkbTmbigHzpvh3v5x0o65FBTP7SVZ, https://drive.google.com/open?id=1R668QzdQy2Y5_EaXUsDUquBuw7nzGEVZ",NA,"Si","Non hai ningu√©n, Yo","Usando bolsas",NA,"Valdovi√±o",NA,"Hai pellets na praia","Porto carrizo Valdovi√±o",NA,NA,NA,NA,NA,NA,NA,NA,NA,NA,"2024-01-07","1899-12-30 19:53:49",43.64295055,-8.10895348505889
2024-01-07 20:04:37,"https://maps.app.goo.gl/YAKTDbddsivskC8E7",NA,"Est√° muy llena de pellets al final del d√≠a quedaba menos obviamente porque hab√≠a bastante gente pero era una barbaridad aquello cuando llegamos y las zonas que parec√≠an limpias estaban perdidas igualmente","Si","Non sei quen son, Personas voluntarias,a √∫ltima hora","Filtrando los con un frutero y coladores de pasta y apartando los palos,algas y otros materiales biologicos",NA,"Porto do Son",NA,"Hai pellets na praia","Porto do son",NA,NA,NA,NA,NA,NA,NA,NA,NA,NA,"2024-01-07","1899-12-30 19:04:37",42.726023,-9.0049123
2024-01-08 18:44:13.516,"https://maps.app.goo.gl/mav4ecbpE4JK6TkM8",NA,NA,"Non","Non hai ningu√©n",NA,NA,"Bueu","Non","Non hai pellets na praia","Praia de Porto Maior, Bueu",NA,NA,NA,NA,NA,NA,NA,NA,NA,NA,"2024-01-08","1899-12-30 17:44:14",42.6759552,-9.03080637622466
2024-01-07 19:28:37,NA,"https://drive.google.com/open?id=1scGKWkb-8x-Dt9baPlfWz1NRa_Pa6JTq",NA,"Non","Voluntarios",NA,NA,"Nigr√°n",NA,"Hai pellets na praia","Praia de Prado, Nigr√°n",NA,NA,NA,NA,NA,NA,NA,NA,NA,NA,"2024-01-07","1899-12-30 18:28:37",-17.15951385,-39.2119661505581
2024-01-08 02:58:22.307,NA,NA,"D√≠a 8 de xaneiro a tarde at√© a posta so sol, revisado coa marea baixa, moito lixo mais non atopamos pellets",NA,NA,NA,NA,"Nigr√°n",NA,"Non hai pellets na praia","Praia Am√©rica Nigr√°n",NA,NA,NA,NA,NA,NA,NA,NA,NA,NA,"2024-01-08","1899-12-30 01:58:22",42.13494475,-8.81776895324079
2024-01-07 19:38:53,"https://maps.app.goo.gl/HTceLRApyCyzQ43r5","https://drive.google.com/open?id=18RCWBFJFT8kE3uJl3BIPOnefFwIRjQpr",NA,"Non","Non hai ningu√©n, Voluntarios","A man",NA,"Porto do Son",NA,"Hai pellets na praia","Praia de Queiruga, Porto do Son",NA,NA,NA,NA,NA,NA,NA,NA,NA,NA,"2024-01-07","1899-12-30 18:38:53",43,NA
2024-01-07 20:12:38,NA,"https://drive.google.com/open?id=11H-YmEd1pRiAVoiyzHYfqkFcu-pvDq1F, https://drive.google.com/open?id=1VHii_lwVgi_Vsy9JCGqG_FqWH8TCqYrE","Ninguen se facia cargo dos residuos cando chamamos. Proteccion Civil Porto do Son non atenderon aontelefono. Penso que as manchas negras √© cousa simplemente chapapote de cando o Prestige, non dos Pellets","Si","Voluntarios","Peneiras e cubos con auga. As plumas de aves axudan a recoller modo escoba",NA,"Porto do Son",NA,"Hai pellets na praia","Praia de Queiruga, Porto do Son",NA,NA,NA,NA,NA,NA,NA,NA,NA,NA,"2024-01-07","1899-12-30 19:12:38",42.6759552,-9.03080637622466
2024-01-07 22:44:48.155,"Non te√±o coordenadas. Xa non estou na praia",NA,NA,"Non","Voluntarios","Cun cepillo suavemente e un cribo","Non hai contedores espec√≠ficos, Vi√±eron recollelos cunha camioneta","Porto do Son",NA,"Hai pellets na praia","Praia de Queiruga, Porto do Son",NA,NA,NA,NA,NA,NA,NA,NA,NA,NA,"2024-01-07","1899-12-30 21:44:48",42.6759552,-9.03080637622466
2024-01-08 00:19:30.195,"42¬∫ 40' 34.2"" N - 9¬∫ 01' 50.8"" W","https://drive.google.com/open?id=1VuKtE2VzPmdMvEiLtdZW45HxXM2MhSdj","Dous arroaces mortos. A cantidade de pellets na plaia √© inmesa.","Si","Voluntarios","Coladores, peneiras, vasoiras e recolledores‚Ä¶","Non hai contedores espec√≠ficos","Porto do Son",NA,"Hai pellets na praia","Praia de Queiruga, Porto do Son",NA,NA,NA,NA,NA,NA,NA,NA,NA,NA,"2024-01-07","1899-12-30 23:19:30",42,NA
2024-01-08 12:16:39.767,"https://maps.app.goo.gl/yNeG3V37RPCiTXvA8",NA,NA,"Non","Grupo creado. En proceso de activaci√≥n.",NA,"Non hai contedores espec√≠ficos","Carballo",NA,"Hai pellets na praia","Razo, Carballo",NA,NA,NA,NA,NA,NA,NA,NA,NA,NA,"2024-01-08","1899-12-30 11:16:40",37,NA
2024-01-08 12:16:39.767,"https://maps.app.goo.gl/yNeG3V37RPCiTXvA8",NA,NA,"Non","Grupo creado. En proceso de activaci√≥n.",NA,"Non hai contedores espec√≠ficos","Carballo",NA,"Hai pellets na praia","Razo, Carballo",NA,NA,NA,NA,NA,NA,NA,NA,NA,NA,"2024-01-08","1899-12-30 11:16:40",37,NA
2024-01-08 01:10:46.384,"43.224860,-8.966555","https://drive.google.com/open?id=1OHWr4Mv4Gnn5NK56-C852CiLyOG3jm21, https://drive.google.com/open?id=1Ut5E9nwVhqQM209L25Fxsys6cVem0Hem, https://drive.google.com/open?id=1Ih7qqKdSxAyJx8Q2cm2pA7zTEok11hZ2",NA,"Non","Xente da zona, pero moi moi escasa.","Con cribas","Non hai contedores espec√≠ficos, No contedor amarelo, dentro de bolsas de pl√°stico.","Cabana de Berganti√±os",NA,"Hai pellets na praia","Rebordelo, Cabana de Berganti√±os",NA,NA,NA,NA,NA,NA,NA,NA,NA,NA,"2024-01-08","1899-12-30 00:10:46",43.22486,-8.966555
2024-01-08 18:44:29.392,"https://maps.app.goo.gl/p37dEKrhseoZi8J6A",NA,NA,"Non te√±o certeza",NA,NA,NA,"Redondela","Non","Non hai pellets na praia","Praia de Redondela, Redondela",NA,NA,NA,NA,NA,NA,NA,NA,NA,NA,"2024-01-08","1899-12-30 17:44:29",37,NA
2024-01-09 20:26:50.94,NA,NA,NA,NA,NA,NA,NA,NA,"Non","Non hai pellets na praia","Praia do Regueiro, Bergondo",NA,NA,NA,NA,NA,NA,NA,NA,NA,NA,"2024-01-09","1899-12-30 19:26:51",43.3117553,-8.2463208
2024-01-09 20:32:00.129,"Corrubedo","https://drive.google.com/open?id=1VrT3FnIIZOHn8CO7bX7f4VsuIIs7P5f9","Moitas grazas pola vosa axuda, sodes os mellores. Moira Forza üí™üèª","Non te√±o certeza","Non hai ningu√©n","Con coladores e coas mans.","Non hai contedores espec√≠ficos","Ribeira","Si","Hai pellets na praia","Praia Ribeira do Prado, Ribeira","Moit√≠simos, miles. Recoimos o que pudimos, pero eramos so tres personas.",NA,NA,NA,NA,NA,NA,NA,"Area, Rochas, Entre as algas, Na auga",NA,"2024-01-09","1899-12-30 19:32:00",42.5762253,-9.06776944307799
2024-01-08 11:57:34.252,NA,NA,NA,NA,NA,NA,NA,"Cangas do Morrazo",NA,"Non hai pellets na praia","Rodeira, Cangas do Morrazo",NA,NA,NA,NA,NA,NA,NA,NA,NA,NA,"2024-01-08","1899-12-30 10:57:34",42.26135225,-8.76953809647993
2024-01-08 11:57:34.252,NA,NA,NA,NA,NA,NA,NA,"Cangas do Morrazo",NA,"Non hai pellets na praia","Rodeira, Cangas do Morrazo",NA,NA,NA,NA,NA,NA,NA,NA,NA,NA,"2024-01-08","1899-12-30 10:57:34",42.26135225,-8.76953809647993
2024-01-07 19:44:45,"42,499047n 8,873673w",NA,NA,"Si","Voluntarios","Peneirando",NA,"o Grove",NA,"Xa non hai (a praia quedaba limpa cando se cubriu o formulario)","Rons, o Grove",NA,NA,NA,NA,NA,NA,NA,NA,NA,NA,"2024-01-07","1899-12-30 18:44:45",42,499047
2024-01-08 12:49:50.957,"https://maps.app.goo.gl/Ssp4saMMAovaeRmR7",NA,"Un arroaz morro Polo menos, chapapote, seguramente hay toneladas de pellets","Non","Voluntarios","C√≥mo se pode","Non hai contedores espec√≠ficos","Finisterre cee",NA,"Hai pellets na praia","Praia do rostro, CEE",NA,NA,NA,NA,NA,NA,NA,NA,NA,NA,"2024-01-08","1899-12-30 11:49:51",42.9795059,-9.1979314
2024-01-08 12:49:50.957,"https://maps.app.goo.gl/Ssp4saMMAovaeRmR7",NA,"Un arroaz morro Polo menos, chapapote, seguramente hay toneladas de pellets","Non","Voluntarios","C√≥mo se pode","Non hai contedores espec√≠ficos","Finisterre cee",NA,"Hai pellets na praia","Praia do rostro, CEE",NA,NA,NA,NA,NA,NA,NA,NA,NA,NA,"2024-01-08","1899-12-30 11:49:51",42.9795059,-9.1979314
2024-01-09 14:57:03.063,NA,NA,NA,NA,NA,NA,NA,NA,"Non","Non hai pellets na praia","Praia de Sab√≥n, Arteixo",NA,NA,NA,NA,NA,NA,NA,NA,NA,NA,"2024-01-09","1899-12-30 13:57:03",43.3234971,-8.5134026
2024-01-08 18:22:56.926,NA,NA,NA,"Non te√±o certeza","Voluntarios",NA,NA,"Sada","Non","Hai pellets na praia","Praia de Sada, Sada",NA,NA,NA,NA,NA,NA,NA,NA,NA,NA,"2024-01-08","1899-12-30 17:22:57",-12.8476424,45.100193375768
2024-01-09 13:13:49.741,NA,NA,"Parec√≠a que huberan estado limpiando pero non dispo√±o desa informaci√≥n para confirmalo",NA,NA,NA,NA,NA,"Non","Non hai pellets na praia","Praia das Sai√±as, Castrelo, Cambados",NA,NA,NA,NA,NA,NA,NA,NA,NA,NA,"2024-01-09","1899-12-30 12:13:50",42.58270965,-8.79738462605807
2024-01-08 13:40:37.01,"43¬∫ 18' 56.3"" N - 8¬∫ 36' 37.1"" W",NA,"Hai pelets incluso nas calas pequeni√±as","Si","Voluntarios, Non sei quen son","Agora mesmo non estou recollendo, vi√±emos a praia pasear cos cans","Non o sei","A laracha",NA,"Hai pellets na praia","PRAIA DAS SALSEIRAS, CAION N, A laracha",NA,NA,NA,NA,NA,NA,NA,NA,NA,NA,"2024-01-08","1899-12-30 12:40:37",43,NA
2024-01-08 01:34:44.45,"Samieira, Poio",NA,NA,"Non",NA,NA,NA,"Poio",NA,"Non hai pellets na praia","Samieira, Poio",NA,NA,NA,NA,NA,NA,NA,NA,NA,NA,"2024-01-08","1899-12-30 00:34:44",42.42725,-8.7401726
2024-01-09 10:28:09.736,NA,NA,NA,NA,NA,NA,NA,"Vigo",NA,"Convocatoria de xornada de limpeza","Praia Samil, Vigo",NA,"2024-01-10",15,"Samil","Pelo morado chaqueta verde oliva",NA,NA,NA,NA,NA,"2024-01-09","1899-12-30 09:28:10",42.2105336,-8.77617730373661
2024-01-07 22:44:07.142,"Vigo playa tombo do gato y samil",NA,"Nos reunimos para juntar. Pero no hab√≠a.","Non","Voluntarios",NA,NA,"Vigo",NA,"Non hai pellets na praia","Praia Samil, Vigo",NA,NA,NA,NA,NA,NA,NA,NA,NA,NA,"2024-01-07","1899-12-30 21:44:07",42.2105336,-8.77617730373661
2024-01-08 14:19:18.471,NA,NA,NA,NA,NA,NA,NA,"Vigo","Non","Non hai pellets na praia","Praia Samil, Vigo",NA,NA,NA,NA,NA,NA,NA,NA,NA,NA,"2024-01-08","1899-12-30 13:19:18",42.2105336,-8.77617730373661
2024-01-08 19:09:53.817,NA,NA,NA,NA,NA,NA,NA,"Vigo","Non","Non hai pellets na praia","Praia Samil, Vigo",NA,NA,NA,NA,NA,NA,NA,NA,NA,NA,"2024-01-08","1899-12-30 18:09:54",42.2105336,-8.77617730373661
2024-01-07 19:49:52,NA,NA,NA,"Non",NA,NA,NA,"A Coru√±a",NA,"Non hai pellets na praia","Praia San roque, A Coru√±a",NA,NA,NA,NA,NA,NA,NA,NA,NA,NA,"2024-01-07","1899-12-30 18:49:52",43.37231615,-8.41873693753092
2024-01-08 19:11:45.033,NA,NA,NA,NA,NA,NA,NA,"Vigo","Non","Non hai pellets na praia","Santa Baia, Vigo",NA,NA,NA,NA,NA,NA,NA,NA,NA,NA,"2024-01-08","1899-12-30 18:11:45",42.8523852,-8.4335717
2024-01-09 19:12:27.041,"(43.5572184, -8.2836773)","https://drive.google.com/open?id=1QDkzMOE4jT4dQBb5V34z_W2u23y9GrM2",NA,"Non te√±o certeza","Persoas voluntarias","Con coadores e cepillo","Non hai contedores espec√≠ficos","Ferrol","Non","Hai pellets na praia","Santa Comba, Ferrol","Soamente estiven na zona este, hab√≠a pouca cantidade de pellets, non vin ningun saco.",NA,NA,NA,NA,NA,NA,NA,"Area, Entre as algas","Non","2024-01-09","1899-12-30 18:12:27",43.5572184,-8.2836773
2024-01-08 23:57:44.104,NA,NA,"Lunes 8 a las 16h. No se encontraron resto de pellets",NA,NA,NA,NA,"Oleiro","Non","Non hai pellets na praia","Santa cristina, Oleiro",NA,NA,NA,NA,NA,NA,NA,NA,NA,NA,"2024-01-08","1899-12-30 22:57:44",45.50880105,12.4538634821069
2024-01-09 14:51:11.065,NA,NA,"Martes 9/1 as 10 da ma√±√°, marea subindo",NA,NA,NA,NA,NA,"Non","Non hai pellets na praia","Praia de Santo Tom√©, Cambados",NA,NA,NA,NA,NA,NA,NA,NA,NA,NA,"2024-01-09","1899-12-30 13:51:11",0.3802114,6.70853556904366
2024-01-08 02:00:19.296,"https://maps.app.goo.gl/wSGHheLfg4QBtERH8",NA,NA,"Non","Voluntarios, Non sei quen son","Recollidas descoordinadas",NA,"Porto do Son",NA,"Hai pellets na praia","Praia de Ser√°ns (San Pedro de Muro, Porto do Son)",NA,NA,NA,NA,NA,NA,NA,NA,NA,NA,"2024-01-08","1899-12-30 01:00:19",42.60267995,-9.06206518786317
2024-01-08 23:17:40.716,"https://maps.app.goo.gl/XqUoRPRRuvgqYCa36",NA,"A√≠ pouca cousa empeza a chegar","Non te√±o certeza","Voluntarios","Peneira","Non hai contedores espec√≠ficos","Rianxo","Non","Hai pellets na praia","Praia de Tanxil Rianxo",NA,NA,NA,NA,NA,NA,NA,NA,NA,NA,"2024-01-08","1899-12-30 22:17:41",36,NA
2024-01-09 23:04:21.878,"https://maps.app.goo.gl/fPY35yQQHrsHTsxv6","https://drive.google.com/open?id=1NwYwbgfAFCaafloHmuttV7ILaSiz1GGU, https://drive.google.com/open?id=1-JDdMpTZKQdAKDCZRIJzShLNkDqgdQHW",NA,"Non te√±o certeza","Persoas voluntarias","A man un por un","Non hai contedores espec√≠ficos","Noia","Non","Hai pellets na praia","Praia Testal, Noia","A cantidade √© baixa, pero non sei cifrala",NA,NA,NA,NA,NA,NA,NA,"Entre as algas","Non","2024-01-09","1899-12-30 22:04:22",35,NA
2024-01-07 19:50:42,NA,"https://drive.google.com/open?id=12q8cGI3wgieEodAjteAL6IVsETd2ABDh",NA,"Si","Voluntarios, protecion civil","a man e con coladores",NA,"Laxe",NA,"Hai pellets na praia","traba , laxe",NA,NA,NA,NA,NA,NA,NA,NA,NA,NA,"2024-01-07","1899-12-30 18:50:42",43.1806055,-9.04681986216078
2024-01-08 00:16:52.765,"42.337820, -8.813146",NA,NA,"Si","Voluntarios","Coador e auga, separando as algas dos pellets","Non hai contedores espec√≠ficos","Bueu",NA,"Hai pellets na praia","Praia de Tuia, Bueu",NA,NA,NA,NA,NA,NA,NA,NA,NA,NA,"2024-01-07","1899-12-30 23:16:53",42.33782,-8.813146
2024-01-08 16:06:47.673,"https://www.google.es/maps/place/Tulla+beach/@42.3365237,-8.8162892,16.5z/data=!4m10!1m2!2m1!1spraia+de+tuia!3m6!1s0xd2f67987218adf7:0x78dbdfc185e5f74d!8m2!3d42.3375885!4d-8.8137097!15sCg1wcmFpYSBkZSB0dWlhWg8iDXByYWlhIGRlIHR1aWGSAQViZWFjaJoBI0NoWkRTVWhOTUc5blMwVkpRMEZuU1VOVk0wOVlVMU4zRUFF4AEA!16s%2Fg%2F11yvxcsfk?entry=ttu",NA,NA,"Si","Voluntarios","Capazo con agua e coador","Non hai contedores espec√≠ficos","Bueu","Non","Hai pellets na praia","Praia de Tuia, Bueu",NA,NA,NA,NA,NA,NA,NA,NA,NA,NA,"2024-01-08","1899-12-30 15:06:48",42.3365237,-8.8162892
2024-01-07 22:57:18.932,"https://maps.app.goo.gl/8pSp7epyPRNfAnLj8",NA,"Hab√≠a un golfi√±o morto.","Non","Voluntarios","Cun capacho con auga e escuerridores.","Non hai contedores espec√≠ficos","Arteixo",NA,"Hai pellets na praia","Praia Valcovo, Arteixo",NA,NA,NA,NA,NA,NA,NA,NA,NA,NA,"2024-01-07","1899-12-30 21:57:19",43.31546305,-8.53288471388097
2024-01-08 11:47:13.357,"https://maps.app.goo.gl/cPjT6fx9B2pfBHp58?g_st=ic",NA,NA,"Si","Voluntarios","Coladores, decantaci√≥n","Non hai contedores espec√≠ficos","Corrubedo",NA,"Hai pellets na praia","Praia do vilar",NA,NA,NA,NA,NA,NA,NA,NA,NA,NA,"2024-01-08","1899-12-30 10:47:13",58,NA
2024-01-09 23:40:13.542,"(43.5408653, -8.2983175)","https://drive.google.com/open?id=15hxjOY9DMQZ0oUHzYdNUgz9H5hTeiukF, https://drive.google.com/open?id=1ZewBpovaU0XqEecOBuklS_e-S13YODwQ, https://drive.google.com/open?id=14NRWza-18GzrPO8GUeSfxofoNg6qfT4s, https://drive.google.com/open?id=1VlBzkuWTZv4G9hJXIXOtrWn_qDuoJG-2, https://drive.google.com/open?id=1hoaegSVs4lqYtiNfbEi_9oTjJx-0yDCV",NA,"Si","Non hai ningu√©n, Eu (persoa voluntaria)","De jeito mec√°nico, manual (a mao, com recipientes caseiros reutilizados)","Estou a guarda-los para emprega-los para fazer ac√ßons art√≠sticas e artesania desde o meu projeto Onda Nosa @ondanosa","Ferrol","Non","Hai pellets na praia","Praia do Vilar, Ferrol","Hai concentra√ßons altas de pellets moi homog√©neos (todos igualinhos, claramente dum vertido)  na zona m√°is perto ao mar e cada onda trae mais, mais minguou a quantidade de dous dias atr√°s 7/1/24 a hoje 9/1/24",NA,NA,NA,NA,NA,NA,NA,"Area, Rochas, Entre as algas","Non","2024-01-09","1899-12-30 22:40:14",43.5408653,-8.2983175
2024-01-07 22:10:11.467,"https://g.co/kgs/9fvrY2Q",NA,NA,"Si","Voluntarios","con colador de cocina y guantes","Non hai contedores espec√≠ficos","Ferrol",NA,"Hai pellets na praia","Praia do Vilar, Ferrol",NA,NA,NA,NA,NA,NA,NA,NA,NA,NA,"2024-01-07","1899-12-30 21:10:11",43.54050155,-8.29841688084658
2024-01-08 11:47:13.357,"https://maps.app.goo.gl/cPjT6fx9B2pfBHp58?g_st=ic",NA,NA,"Si","Voluntarios","Coladores, decantaci√≥n","Non hai contedores espec√≠ficos","Corrubedo",NA,"Hai pellets na praia","Praia do vilar, Corrubedo",NA,NA,NA,NA,NA,NA,NA,NA,NA,NA,"2024-01-08","1899-12-30 10:47:13",58,NA
2024-01-07 20:42:23,NA,"https://drive.google.com/open?id=1fGoginDd4KB-3zfv1VrWFrDkuz2MWUgb",NA,"Si","Voluntarios","Con una coladores, habia moita xente, pero √© necesario acudir dias e dias",NA,"Ferrol",NA,"Hai pellets na praia","Praia do Vilar, Ferrol",NA,NA,NA,NA,NA,NA,NA,NA,NA,NA,"2024-01-07","1899-12-30 19:42:23",43.54050155,-8.29841688084658
2024-01-07 22:07:21.026,"Praia do Vilar","https://drive.google.com/open?id=16gVZzTB9VPfo9pNNbFUj75DSA2MvCGP3, https://drive.google.com/open?id=1Id1HYPNKUj4ZjDRrhDb08uDJrXK_Y2N-, https://drive.google.com/open?id=1iZGJdWVnGGj62G5_jSuEOqx33-T3qm0P","Los pellets estaban en diferentes puntos y dispersos, sobretodo se encontraban en la zona de cabeza de la marea. Adem√°s de Pellets encontramos y recogimos m√°s basura. Las algas enredan mucho a los pellets. Por otro lado, decir que a la luz del sol y con la claridad son dif√≠ciles de ver bien, si proyect√°bamos sombra sobre la arena enseguida los localiz√°bamos.
El utensilio que mejor nos funcion√≥ fue el colador de cocina que adjunto en las fotos.","Si","Voluntarios","Colador de cocina, capachos con agua y guantes","Non hai contedores espec√≠ficos","Ribeira",NA,"Hai pellets na praia","Praia do Vilar, Ribeira",NA,NA,NA,NA,NA,NA,NA,NA,NA,NA,"2024-01-07","1899-12-30 21:07:21",42.55224555,-9.03035779503325
2024-01-09 17:48:56.212,NA,"https://drive.google.com/open?id=1WBvIbmO9oD1qrcZ8UmWgW_ZLqdXDidJZ, https://drive.google.com/open?id=1u8BSXFNhlWtYo-l50THmARtHN8VoZCPw",NA,"Non","Persoas voluntarias","A man.. est√°n moi espallados.. integrados cos micropl√°sticos ""aut√≥ctonos""","Non hai contedores espec√≠ficos, Contenedor amarelo","Cangas","Non","Hai pellets na praia","Praia de Nerga, Cangas del Morrazo","O domingo 7xaneiro o medio d√≠a.. poucos e integrados",NA,NA,NA,NA,NA,NA,NA,"Area","Non","2024-01-09","1899-12-30 16:48:56",42.25744155,-8.83640775792484
